,dhlabid,title,authors,urn,oaiid,sesamid,isbn10,city,timestamp,year,publisher,langs,subjects,ddc,genres,literaryform,doctype
0,100379185,Utredning av program for overvåking av klimaendringseffekter i norske kyst-og havområder,"Mork , Kjell Arne",URN:NBN:no-nb_digibok_2018091805014,oai:nb.bibsys.no:991303287074702202,3f7e7b83f34ee1bc99ffa78879b56f41,,Bergen,20120101,2012,Havforskningsinstituttet,nob,Norway / Monitoring / Coasts / Marine areas / Climatic change / klimaendringer / overvåke / kyst- / hav- / miljøeffekt,,,Uklassifisert,digibok
1,100314498,"Penge, kredit og priser : en utredning av aarsakerne til pengeværdiens fald","Aarum , Thorvald",URN:NBN:no-nb_digibok_2016110848569,oai:nb.bibsys.no:999421106764702202,417f9125ee73790ce6afc88f762b8986,,Kristiania,19180101,1918,,nob,,,,Uklassifisert,digibok
2,100533170,Utredning av praktiske og økonomiske konsekvenser av forslag om at folketrygden vederlagsfritt skal leie ut hjelpemidler til kommunene ved midlertidig behov,"Hofseth , Christina / Hem , Karl-Gerhard / Lippestad , Jan",URN:NBN:no-nb_digibok_2011032305014,oai:nb.bibsys.no:990005888904702202,a91c4a05c0ca4c81da2be8b7ac0b640f,8214020387,Trondheim,20000101,2000,"SINTEF, Unimed, NIS Ledelse, organisasjon og samhandling",nob,hjelpemiddelteknologi,,,Uklassifisert,digibok
3,100160135,Lønnsglidningen 1950-1962 : en utredning av LO's og NAF's lønnsglidningskomité,"Ahlsen , Egil",URN:NBN:no-nb_digibok_2013072208251,oai:nb.bibsys.no:990219015114702202,21e47712bcd2c4716a2998bb8a31a6d6,,Oslo,19630101,1963,[s.n.],nob,,,,Uklassifisert,digibok
4,100375272,Spesialisthelsetjenestens håndtering av henvisninger og utredning av pasienter med tykk- og endetarmskreft : oppsummering av landsomfattende tilsyn i 2012,,URN:NBN:no-nb_digibok_2018062905093,oai:nb.bibsys.no:991321509134702202,6657d4d801a6c087ea5f36874a4d836e,,Oslo,20130101,2013,Helsetilsynet,nob,,,,Uklassifisert,digibok
5,100215689,"Nemndsbehandling av forbrukertvister : utredning av utvalg oppnevnt ved kongelig resolusjon 27. november 2009 : avgitt til Barne-, likestillings- og inkluderingsdepartementet 29. november 2010","Taraldsrud , Liv Synnøve",URN:NBN:no-nb_digibok_2014070205053,oai:nb.bibsys.no:991026232104702202,22e141cd7b90b86c339d484373161a71,,Oslo,20100101,2010,"Departementenes servicesenter, Informasjonsforvaltning",nob,utenrettslig / tvisteløsning / forbrukersaker / tvisteløsningsnemnder / forbrukerorganisasjoner / norge / forbrukere / tvister / forbrukervern / rettigheter / nemnder / forbrukerrådet / norden / skandinavia / bransjenemnder / klagenemnder / eu,343.071,,Faglitteratur,digibok
6,100433379,Norsk skole i møte med autismen - full forståelse eller full fadese? : utredning av tilfellet A,"Uggerud , Ken",URN:NBN:no-nb_digibok_2021012207531,oai:nb.bibsys.no:999919859897302202,9d242141df3ae5d80fc645ea733feb31,,Oslo,20160101,2016,SPISS forl.,nob,Skolen / Rettigheter / Asperger syndrom / Tourettes syndrom / Barns rettigheter / Hjem og skole (Relasjon) / Spesialpedagogikk / Inkludering / Autisme / rettigheter / skole,371.94,,Faglitteratur,digibok
7,100100532,Kulturminner og kulturmiljøer : utredning av forskningsbehov 2004-2014,,URN:NBN:no-nb_digibok_2012081008021,oai:nb.bibsys.no:990309504064702202,082fb81e16387812e1444fd4023d0d43,8212018180,Oslo,20030101,2003,"Norges forskningsråd, Området for miljø og utvikling",nob,Kulturminner / Kulturmiljøer / Kulturminneforskning / Utredninger / Kulturminner / Kulturmiljø / Kulturvern / Kulturpolitikk / Forskning / Norge / Kulturminner / kulturpolitikk / norge / kulturminnevern / politikk / forskning,,,Uklassifisert,digibok
8,100375561,"Ute av syne, ute av sinn? : tobakk under disk - en konsekvensutredning av regjeringens forslag til forbud mot synlig framstilling av tobakksvarer i butikk","Jacobsen , Eivind / Lavik , Randi",URN:NBN:no-nb_digibok_2018050909548,oai:nb.bibsys.no:990717728554702202,22d638e94c2e5e39c02c6f48e0dd1017,,Oslo,20070101,2007,Statens institutt for forbruksforskning,nob,,,,Uklassifisert,digibok
9,100093014,Interkommunalt samarbeid i Nord-Rogaland og Sunnhordland : utredning av et beslutningsgrunnlag for videreutvikling av samarbeidet,"Prestholdt , Ragnar / Sanda , Karl Gunnar / Mo , Willy",URN:NBN:no-nb_digibok_2012070908159,oai:nb.bibsys.no:999607184514702202,6d0ad1378931573f0a761b2c0b8e8a30,8274011600,Bø,19950101,1995,"Telemarksforsking, Bø",nob,,,,Faglitteratur,digibok
10,100358372,"Konsekvensutredning av kraftutbyggingsprosjekt i Grunnåi i Seljord, Telemark","Muniz , Ivar Pors",URN:NBN:no-nb_digibok_2009010700009,oai:nb.bibsys.no:999714238654702202,684f77bb7f0abd33cd972d522122383b,8242607966,Trondheim,19970101,1997,Norsk institutt for naturforskning,nob,vassdragsutbygging / vannkjemi / bunndyr / fisk / flora / fugl / pattedyr / landskapsanalyse / kraftverk / oljeutvinning / konsekvensanalyse / vassdragsregulering,,,Uklassifisert,digibok
11,100273665,Utredning av fødsels- og nyfødtomsorgen i Helse Øst,,URN:NBN:no-nb_digibok_2015120808139,oai:nb.bibsys.no:990504565714702202,d8001de103151f0f8054d05356c91c0d,,Hamar,20030101,2003,Helse Øst,nob,,,,Uklassifisert,digibok
12,100542360,Kommunal- og arbeidsdepartementet : overføring av arbeidsoppgaver til fylkene : delegering av myndighet : delutredning av 25. januar 1973,"Juel , Dagfin",URN:NBN:no-nb_digibok_2011052706024,oai:nb.bibsys.no:999107514554702202,87be0b5bfb0203bb7734376c0a7c4d86,8200700801,Oslo,19730101,1973,Universitetsforl.,nob,,352,,Faglitteratur,digibok
13,100323933,Innstilling fra Utvalget til utredning av en del alderstrygdspørsmål,,URN:NBN:no-nb_digibok_2017020648027,oai:nb.bibsys.no:991142326524702202,840aec93976e7faac143c62eb9160e7a,,,19520101,1952,,nob,,,,Uklassifisert,digibok
14,100268957,Synsfunksjonsutredning av barn og unge med autisme,"Nyheim , May / Tangvold , Kari",URN:NBN:no-nb_digibok_2015102308082,oai:nb.bibsys.no:990521702844702202,f60df7e59643d6a9a26eef1c3f4d0bd6,8280750169,Oslo,20040101,2004,"Autismeteamet, Institutt for spesialpedagogikk, UiO",nob,Vision Tests / Autistic Disorder,,,Uklassifisert,digibok
15,100139361,Utredning av alternative ventilasjonsløsninger for ny ungdomsskole på Mæla i Skien,"Wachenfeldt , Bjørn Jenssen",URN:NBN:no-nb_digibok_2013020608066,oai:nb.bibsys.no:990505367964702202,d8076c0a14e7a457606e9733328b2ffe,8214034175,Trondheim,20040101,2004,"SINTEF, Bygg og miljø, Arkitektur og byggteknikk",nob,Komfort / naturlig / ventilasjon,,,Uklassifisert,digibok
16,100240785,"Nytelse og glede, i psykologiens lys : 2 foredrag holdt i Oslo på kurset til utredning av alkoholspørsmålet høsten 1917","Aall , Anathon",URN:NBN:no-nb_digibok_2015012708076,oai:nb.bibsys.no:999523499814702202,937e81d196d073cc5fd3d57036f3cbb2,,Oslo,19280101,1928,,nob,alcohol drinking attitudes,,,Faglitteratur,digibok
17,100438832,Nattstøy og søvnforstyrrelser : utredning av indikator og grunnlag for nasjonalt mål for reduksjon av søvnforstyrrelser på grunn av støy,,URN:NBN:no-nb_digibok_2021031048509,oai:nb.bibsys.no:991305641504702202,c5d764046ae1b25bdfe6f69759c973d2,,Oslo,20130101,2013,Folkehelseinstituttet,nob,"Environmental Exposure / Noise, Transportation / Sleep Deprivation",,,Uklassifisert,digibok
18,100370179,Yrkessykdommer : Yrkessykdomsutvalgets utredning av hvilke sykdommer som bør kunne godkjennes som yrkessykdom : utredning fra et ekspertutvalg oppnevnt ved kongelig resolusjon 16. november 2007  : avgitt til Arbeids- og inkluderingsdepartementet 24. juni 2008 : Sentrale underlagsdokumenter : særskilt vedlegg til NOU 2008: 11,,URN:NBN:no-nb_digibok_2018041748621,oai:nb.bibsys.no:990811034174702202,b690d1df400eb0113daa3fb5db719b1a,,Oslo,20080101,2008,"Departementenes servicesenter, Informasjonsforvaltning",mul / nob / eng / swe,arbeidsmedisin / yrkesskader / yrkessykdomslister / yrkessykdomyrkessjukdom / yrkesskadar,,,Uklassifisert,digibok
19,100077337,Utredning av demens : organisering og samarbeid mellom primær- og spesialisthelsetjenesten : erfaringer fra tre fylker og 17 kommuner,"Brækhus , Anne / Lillesveen , Birger",URN:NBN:no-nb_digibok_2012022305049,oai:nb.bibsys.no:990522158904702202,e0439eab360eff7dc7203003c3843876,8280610375,Tønsberg,20050101,2005,Aldring og helse,nob,Alzheimer Disease / Primary Health Care / Dementia / Diagnosis / Norway / senil / demens / diagnostikk / primærhelsetjenesten / spesialisthelsetjenesten / aldersdemens / utredning / behandling / organisering / samarbeid / utgreiing / spesialisthelsetjeneste,618.976898 / 618.97683,,Faglitteratur,digibok
20,100361328,Konus-rapporten : kartlegging og oftalmologisk nasjonal utredning av framtidig status : 2012,"Skau , Alexander",URN:NBN:no-nb_digibok_2018011108069,oai:nb.bibsys.no:991324475254702202,bb8050c32fcd1a50dbc40eb1779163b6,,[Bodø],20120101,2012,Norsk oftalmologisk forening,nob,,,,Uklassifisert,digibok
21,100213920,Interdepartementalt utvalg til utredning av norsk selfangst : utredningen avgitt av utvalget 27. mars 1981,,URN:NBN:no-nb_digibok_2014071508064,oai:nb.bibsys.no:999824557554702202,fc0db9d2af66d982572eed75b0b6d7f2,,Oslo,19810101,1981,Departementet,nob,selfangst / norge,,,Faglitteratur,digibok
22,100338237,Indstilling fra en av Arbeidsdepartementet nedsat komite til utredning av spørsmaalet om forebyggelse av brandkatastrofer,,URN:NBN:no-nb_digibok_2017063048058,oai:nb.bibsys.no:990116573594702202,3d982edf24f67652eecbdb996e65d639,,[Kristiania],19170101,1917,[s.n.],nob,,,,Uklassifisert,digibok
23,100018343,Bommer i boligområder : utredning av egenskaper og etablering av informasjonsgrunnlag,"Gjære , Jorun / Nicolaisen , Tor",URN:NBN:no-nb_digibok_2010092808124,oai:nb.bibsys.no:999918108804702202,926d6fecc23208bab878e95a9fcc71cc,,Trondheim,19980101,1998,"Trondheim kommune, Avdeling byutvikling",nob,trondheim / trafikksikkerhet,,,Uklassifisert,digibok
24,100428770,Sammenknytning av det norske og svenske statsbanenett over grensen mot Nordre Bohuslän : innstilling og forslag avgitt av den til spørsmålets utredning av den norske og svenske regjering nedsatte blandede kommisjon (Den norsk-svenske mellemrikskommisjon),,URN:NBN:no-nb_digibok_2020111707553,oai:nb.bibsys.no:991013750854702202,86920251beb66c1ca91a7d335d5033dd,,Kristiania,19230101,1923,[S.n.],nob,,,,Uklassifisert,digibok
25,100089318,"Gjenbruk av høreapparater : en utredning av praksis ved Høresentralen i Hordaland fylke, med tanke på en eventuell modell for hele landet","Grut , Lisbet / Hem , Karl-Gerhard",URN:NBN:no-nb_digibok_2012070908171,oai:nb.bibsys.no:990120847194702202,b9b3cca029fea6a8a5858da25fc94ac7,8214024137,,20010101,2001,"SINTEF Unimed, NIS helse og rehabilitering",nob,Høreapparater / Gjenbruk,,,Uklassifisert,digibok
26,100436362,Organisering av tradisjonshåndverkere : utredning av bransjenettverk : prosjekt juni 2019-juni 2020,"Stranden , Marit / Stranden , Marit / Egge , Anne Martinsheimen / Bergseth , Hanne / Smedsrud , Inger / Falk , Eivind",URN:NBN:no-nb_digibok_2021021948523,oai:nb.bibsys.no:999920117193202202,f1d67a6454ff5b0d916aacfecef73305,,,20200101,2020,Norsk håndverksinstitutt,nob,,680.60481,tekst,Faglitteratur,digibok
27,100241366,Markedstilpasning av idrettsfaglig utdanning : utredning av mellomfagstillegg i idrett/kroppsøving ved Bergen lærerhøgskole. 2 : Tidligere studenters syn på årskursstudiet i kroppsøving ved Bergen Lærerhøgskole,"Ellingsen , Jan Emil",URN:NBN:no-nb_digibok_2015021206031,oai:nb.bibsys.no:991400437994702202,c56bc99d80dfebb0523a35fa6b73b8b7,,,19870101,1987,Bergen lærerhøgskole,und,,,,Faglitteratur,digibok
28,100438815,Utredning av behov for endringer i personopplysningsloven : skrevet etter oppdrag fra Justisdepartementet og Moderniseringsdepartementet,"Schartum , Dag Wiese / Bygrave , Lee A.",URN:NBN:no-nb_digibok_2021030948683,oai:nb.bibsys.no:990702153834702202,d5be2d861767e79e3f5dc8c32de70399,,Oslo,20060101,2006,Justis- og politidepartementet,nob,personvern / lover / endringer,,,Uklassifisert,digibok
29,100226914,Utstein kloster : planlagte vedlikeholdstiltak : utredning av konsekvensene for kulturminnet,"Dunlop , A.R.",URN:NBN:no-nb_digibok_2009070604002,oai:nb.bibsys.no:999515913984702202,cbca56d4d2f8fa78d95925e0657cf3d3,8242605769,Oslo,19950101,1995,Norsk institutt for kulturminneforskning,nob,klostre / norge / Utstein kloster / vedlikehold / konsekvensutredninger / Rogaland / Mosterøy / Rennesøy / mosterøy / rennesøy / kulturminne / utstein / kloster,,,Uklassifisert,digibok
30,100447048,§4 - veileder : avklaring om konsekvensutredning av tiltak på vedlegg II i forskrift om konsekvensutredninger av 21. mai 1999,,URN:NBN:no-nb_digibok_2009020304100,oai:nb.bibsys.no:990200399304702202,e78a36269886066f91051f9730ab5986,8245703443,[Oslo],20010101,2001,Miljøverndepartementet,nob,konsekvensutredninger / plan / bygningsloven,,,Uklassifisert,digibok
31,100494542,Universitetsbibliotekets overgang til selvstendig riksbibliotek : utredning avgitt til det Akademiske kollegium,"Munthe , Wilhelm",URN:NBN:no-nb_digibok_2013082724007,oai:nb.bibsys.no:990002906964702202,bc7420f3f78315df1d9ee86507ab273e,,,19250101,1925,,nob,Universitetsbibliotek,,,Uklassifisert,digibok
32,100006147,"Rammebetingelser, styringsmuligheter og virkemidler for en bærekraftig utvikling : utredning av og forslag til et samfunnsvitenskapelig forskningsprogram for miljø og bærekraftig utvikling",,URN:NBN:no-nb_digibok_2008120304008,oai:nb.bibsys.no:990102800574702202,d9f1e4117bb9a4a2395673ef67952e91,8212015238,Oslo,20010101,2001,"Norges forskningsråd, Området for miljø og utvikling",nob,forskning / miljøvern / rambu,,,Uklassifisert,digibok
33,100064323,Utredning av nogen sprogspørsmaal,,URN:NBN:no-nb_digibok_2011112108004,oai:nb.bibsys.no:999431391714702202,a39ba72362af41c2a24801a42f19aa37,,Kristiana,19130101,1913,<Forbundet>,nob,,,,Uklassifisert,digibok
34,100552695,Utredning av miljøpåvirkningene fra produksjonen ved Håg asa på Røros,"Vogelsang , Christian / Iversen , Eigil Rune / Aanes , Karl Jan",URN:NBN:no-nb_digibok_2011080106068,oai:nb.bibsys.no:990421926764702202,4aa0bf9432eb90c6e37b63ee3e18ce20,8257745650,Oslo,20040101,2004,Norsk institutt for vannforskning,nob,,,,Uklassifisert,digibok
35,100195336,"Omsorg og kunnskap! : norsk kreftplan : rapport fra et utvalg for utredning av nasjonal kreftplan, oppnevnt av Sosial- og helsedepartementet14. februar 1996 : avgitt til Sosial- og helsedepartementet 10. juni 1997","Søreide , Odd",URN:NBN:no-nb_digibok_2009031700081,oai:nb.bibsys.no:999714198924702202,a8db2b8a3733f5e5f62c22c56fd0058e,8258304356,Oslo,19970101,1997,"Statens forvaltningstjeneste, Statens trykning",nob,Neoplasms / Health Planning / Norway / kreft / behandling / tjenester / folkehelse / kreftbehandling / cancer / kreftomsorg / helsepolitikk / omsorgsarbeide / sykdommer / sykdomhelsevesen / offentlige / publikasjoner / nasjonal / kreftplan / dødelighet / forebyggende / tiltak,362.196994,,Faglitteratur,digibok
36,100456176,Interkommunalt samarbeid i Hallingsdalsregionen : utredning av og forslag til et mer aktivt interkommunalt samarbeid,"Sanda , Karl Gunnar / Mo , Willy",URN:NBN:no-nb_digibok_2008013100038,oai:nb.bibsys.no:999428670254702202,9b5f77041536cb23152ebd3b8efd6301,8274010914,Bø,19940101,1994,Telemarksforsking,nob,kommunalt / samarbeid,,,Uklassifisert,digibok
37,100176371,Livets lov : en utredning av et av kristendommens grundkrav,"Hanssen , Eugène",URN:NBN:no-nb_digibok_2013110608104,oai:nb.bibsys.no:999800040124702202,1d5cdf7477f7a2bff3878b3bd715e128,,Kristiania,19210101,1921,Under Kirkehvælvs forl.,nob,kristen / etikk,,,Uklassifisert,digibok
38,100258203,Utredning av behovet for busstasjon i Larvik,"Frostad , Trond",URN:NBN:no-nb_digibok_2015070608150,oai:nb.bibsys.no:999222551994702202,da533ba7fdb255a5e47563d42381d311,,,19680101,1968,Transportøkonomisk institutt,nob,,388,,Faglitteratur,digibok
39,100297088,Utredning av ikke-kommersiell GA- og luftsportsvirksomhet som opererer etter forskrift NZ CAR part 149 i New Zealand,"Oltedal , Helle A. / Njå , Ove",URN:NBN:no-nb_digibok_2016060108010,oai:nb.bibsys.no:990701748904702202,294262758e16ec1500f3f5c90957ff81,8249004248,Stavanger,20050101,2005,Universitetet i Stavanger,nob,,,,Uklassifisert,digibok
40,100575927,Utredning av Ekne kompetansesenter : nyttig eller bare nytt?,"Groven , Berit",URN:NBN:no-nb_digibok_2010050605028,oai:nb.bibsys.no:999614140904702202,c5821a5dee873f29c327f94272321adf,8277320515,Steinkjer,19960101,1996,Nord-Trøndelagsforskning,nob,ekne / kompetansesenter / pedagogisk-psykologisk / rådgivning,,,Uklassifisert,digibok
41,100422098,Spredt eller samla? : utredning av ungdomsskolestruktur i Vågan kommune,"Solstad , Karl Jan / Andrews , Therese / Løvland , Jarle",URN:NBN:no-nb_digibok_2020092207576,oai:nb.bibsys.no:999919851398302202,9cad53f5b778b020ac3f025f57050f5f,,,20160101,2016,Nordlandsforskning,nob,,,,Faglitteratur,digibok
42,100288605,"Våle og Ramnes - to eller én? : utredning av et beslutningsgrunnlag for status quo, utvidet samarbeid eller sammenslåing","Lie , Kjetil / Mo , Willy",URN:NBN:no-nb_digibok_2016033108003,oai:nb.bibsys.no:999901778904702202,d40271d14c87c2a03ab229590bd5a6f4,,Bø,19980101,1998,Telemarksforsking-Bø,nob,kommunesammenslåing / vestfold / våle / ramnes / re,,,Uklassifisert,digibok
43,100102417,Rapport fra arbeidsgruppe for utredning av tilsynsgebyrer : Internkontroll,,URN:NBN:no-nb_digibok_2012081608220,oai:nb.bibsys.no:991202395664702202,49aa2d0bbf1fbc60327c116a57c6bbdb,,Oslo,19940101,1994,Arbeidsguppen,nob,,,,Faglitteratur,digibok
44,100419265,Psykose og vold : forskning med relevans for utredning av tilregnelighet,"Bjørkly , Stål / Grøndahl , Pål",URN:NBN:no-nb_digibok_2020090807565,oai:nb.bibsys.no:999919845494302202,cd9b00ba24890331fec81d23dc7843d6,,Molde,20160101,2016,Høgskolen i Molde - vitenskapelig høgskole i logistikk,nob,,,,Faglitteratur,digibok
45,100450590,"Utredning av biologiske konsekvenser ved masseuttak i munningen av Verdalselva, med vekt på marine dykkender","Nygård , Torgeir",URN:NBN:no-nb_digibok_2008102300017,oai:nb.bibsys.no:990005406684702202,ea55c0daa528836c888e5f8bcee2a49e,8242611068,Trondheim,20000101,2000,Norsk institutt for naturforskning,nob,masseuttak / miljøkonsekvensanalyse / verdalselva / ender / vandring,,,Uklassifisert,digibok
46,100008929,Utredning av konsekvenser og forslag til løsninger ved rehabilitering av Holtermannsveien 1 (TEAB). Del 1 : Rapport (rapport og vedlegg er innbundet separat),"Vik , Tor Arvid",URN:NBN:no-nb_digibok_2010070108072,oai:nb.bibsys.no:990018728184702202,e690dc3ecb4954bb5483fc4d096b6e67,8214014193,Trondheim,19990101,1999,"SINTEF, Bygg og miljøteknikk, Arkitektur og byggteknikk",nob,vvs / dobbel / fasade / energibruk / inneklima,,,Faglitteratur,digibok
47,100092631,"Alkoholens virkninger i sin almindelighet : og dens indvirkning paa sjælsvirksomheten : 2 foredrag holdt i Kristiania på ""Kurset til utredning av alkoholspørsmaalet"" høsten 1917","Sjövall , Einar",URN:NBN:no-nb_digibok_2012051608231,oai:nb.bibsys.no:991214168444702202,ec46ebd6499119f0499cd993612fbb91,,Kristiania,19180101,1918,Johansen & Nielsens boktrykkeri,nob,,,,Uklassifisert,digibok
48,100125700,Økonomisk utredning av Oppdrift kommunene,"Haver , Maj-Britt / Friestad , Liv Bente Hannevik / Cruickshank , Jørn",URN:NBN:no-nb_digibok_2012120308044,oai:nb.bibsys.no:990109306804702202,b5dc04e0c8d146a2bcca12cff7f3c889,,Kristiansand,20010101,2001,Agderforskning,nob,nome / kragerø / tvedestrand / risør / økonomisk / effektivitet / kommuner,,,Uklassifisert,digibok
49,100375199,Sjømatindustrien : utredning av sjømatindustriens rammevilkår : utredning fra utvalg oppnevnt ved kongelig resolusjon 22. mars 2013 : avgitt til Nærings- og fiskeridepartementet 16. desember 2014,"Utvalget om sjømatindustriens rammevilkår / Tveterås , Ragnar",URN:NBN:no-nb_digibok_2018062905012,oai:nb.bibsys.no:991500149374702202,3465768933dfc79fae9f0305cd2fbe52,,Oslo,20140101,2014,"Departementenes sikkerhets- og serviceorganisasjon, Informasjonsforvaltning",nob,sjømat / industri / sjømatindustri / vilkår / utfordringer / muligheter,338.3727,,Faglitteratur,digibok
50,100085283,Utredning av to-fargesystemet for vegmerking,"Vaa , Torgeir",URN:NBN:no-nb_digibok_2012062108191,oai:nb.bibsys.no:999505413384702202,30305a2c515c62f9e57b3a622a070a07,8259576236,[Oslo],19940101,1994,"Vegdirektoratet, Driftsavdelingen, Vedlikeholdskontoret",nob,Veier / Merking,,,Uklassifisert,digibok
51,100116151,Eksportmarkedsføring av fiskeprodukter : innstilling fra utvalg for utredning av ett-årig studietilbud på 3-dje års nivå i høgskolesystemet,"Nordnes , Åshild J.",URN:NBN:no-nb_digibok_2012101609003,oai:nb.bibsys.no:999308299644702202,61a317f85b30fa8cd458cde06cf90b66,,Bodø,19920101,1992,Nordlandsforskning,nob,bodø,,,Faglitteratur,digibok
52,100154676,Psykisk helsearbeid og rusarbeid i kommunene : utredning av muligheter for utvikling  av ny statistikk i KOSTRA : statusrapport 2012,"Vold , Borgny / Abrahamsen , Dag R.",URN:NBN:no-nb_digibok_2013071808193,oai:nb.bibsys.no:991307980964702202,9a54f3cb098fefe117934e9f9ca225f6,,Oslo,20130101,2013,Statistisk sentralbyrå,nob,,,,Uklassifisert,digibok
53,100348972,En Kirkerettslig og teologisk utredning av de juridiske sider ved dåpsforpliktelsen,,URN:NBN:no-nb_digibok_2017092148179,oai:nb.bibsys.no:998320017754702202,867951280f453b6f765db8e40b88e9d2,,[Oslo],19810101,1981,Kirkerådet,nob,,265,,Faglitteratur,digibok
54,100104890,System for omfordeling av melkekvoter : utredning av partssammensatt arbeidsgruppe : instillingen avgitt 6. november 1996,,URN:NBN:no-nb_digibok_2012083108271,oai:nb.bibsys.no:990320035444702202,a2503378ef8689b15d387920d42a661f,,[Oslo],19960101,1996,[Arbeidsgruppen],nob,,,,Faglitteratur,digibok
55,100154652,Konsekvensutredning av endret skolestruktur i Nord-Trøndelag fylkeskommune,"Iversen , Jon Marius Vaag",URN:NBN:no-nb_digibok_2013071808154,oai:nb.bibsys.no:991306854294702202,a554964611782ae45ce4301e41bf4c61,,Steinkjer,20120101,2012,Trøndelag forskning og utvikling,nob,skolestruktur / nord-trøndelag / fylkeskommune,371.2,,Uklassifisert,digibok
56,100205303,"Modeller for driftstilskudd i barnehagesektoren : en utredning av gjeldende tilskuddsmodeller og forslag til ny, statlig modell for driftstilskudd til barnehager","Veland , Geir / Bogen , Hanne",URN:NBN:no-nb_digibok_2014050805141,oai:nb.bibsys.no:990520676024702202,6082c4e4e86a937492aa297f4f212b70,8274225066,Oslo,20050101,2005,Fafo,nob,barnehager / finansiering / tilskuddsordninger / drift / barnehagar / tilskot / sordningar / driftstilskot,,,Uklassifisert,digibok
57,100033766,Utredning av LCA-laboratorium ved NTNU,"Vold , Mie / Røine , Kjetil / Lamvik , Trond",URN:NBN:no-nb_digibok_2011011105027,oai:nb.bibsys.no:999820991264702202,6e0436002188626d40b7c0cd228a9b37,8275202973,Fredrikstad,19970101,1997,Stiftelsen Østfoldforskning,nob,,,,Uklassifisert,digibok
58,100400527,Utredning av et nasjonalt kompetansesenter for kjemikalie- og eksplosivvern,"Sellevåg , Stig Rune / Røen , Bent Tore",URN:NBN:no-nb_digibok_2020042248135,oai:nb.bibsys.no:999919917985202202,46ccbe9495a94a2b4a2a22b2f45ee10a,,Kjeller,20180101,2018,Forsvarets forskningsinstitutt,nob / eng,,,,Faglitteratur,digibok
59,100109038,Utredning av kunstens og kulturlivets vilkår,"Jensen , Brikt",URN:NBN:no-nb_digibok_2012082809004,oai:nb.bibsys.no:990903068564702202,ffa43b4321fbec575c9bce4f9692feec,,Oslo,19620101,1962,,nob,,,,Uklassifisert,digibok
60,100088355,Utredning av EF's markedsordning for fisk og fiskeprodukter : Innstilling avgitt 9.mai 1972,"Midtgaard , Arnulv",URN:NBN:no-nb_digibok_2012041908108,oai:nb.bibsys.no:990006911784702202,30f770ef945940b3321a516b7c88e735,,trondheim,19720101,1972,,nob,,382.9 / 338.3,,Faglitteratur,digibok
61,100205233,Samferdselsdepartementet : overføring av arbeidsoppgaver til fylkene : delegering av myndighet : delutredning av 22 april 1974,"Juel , Dagfin",URN:NBN:no-nb_digibok_2014050505030,oai:nb.bibsys.no:999107529904702202,f0a3ccfdbf3895332e2e1051aa102de7,8200701549,Oslo,19740101,1974,Universitetsforl.,nob,samferdsel / lokalforvaltning / fylkesforvaltning,352,,Faglitteratur,digibok
62,100362005,Utredning av tungmetallforurensing på bane C i Avgrunnsdalen i Hurum kommune,"Mariussen , Espen / Strømseng , Arnljot Einride",URN:NBN:no-nb_digibok_2018011208014,oai:nb.bibsys.no:991308653624702202,48641bb1c26224c401b0a58de991bb23,,Kjeller,20130101,2013,Forsvarets forskningsinstitutt (FFI),nob,,,,Uklassifisert,digibok
63,100257917,Organisering av karriereveiledning i videregående opplæring i Akershus : en utredning av ulike organisasjonsmodeller for karriereveiledning i førstelinjetjenesten i videregående opplæring i Akershus fylkeskommune,"Røste , Rannveig / Borgen , Jorunn Spord",URN:NBN:no-nb_digibok_2015070208138,oai:nb.bibsys.no:990827933104702202,432c0c50da998869d91d4d8fa364699d,,Oslo,20080101,2008,NIFU STEP,nob,rådgivning / elever,373.142,,Faglitteratur,digibok
64,100152281,"Konsekvensutredning for gasskraftverk : alternative byggesteder: Kårstø, Kollsnes, Tjeldbergodden : utredning av konsekvenser for: samfunn, miljø, naturressurser",,URN:NBN:no-nb_digibok_2013062008012,oai:nb.bibsys.no:999618600144702202,b907ce094f1ce525993c8249903d7d32,,[Lysaker],19960101,1996,Naturkraft,nob,Kraftverk / Gasskraft / kraftverk / norge / aure / stemshaug / tysvær / øygarden,,,Faglitteratur,digibok
65,100225694,Utredning av spørsmålet om revisjon av loven om landslott,"Larsen , Karl Hess",URN:NBN:no-nb_digibok_2014091106045,oai:nb.bibsys.no:999826134314702202,2ac594f4c238208c101bcd91a9afe46d,,[Oslo],19580101,1958,[Komiteen],nob,,,,Uklassifisert,digibok
66,100556261,Innstilling fra Arbeidsgruppen for utredning av disponeringsmuligheter for kloakkslam og husholdningsavfall fra Oslo. Del 1 : Disponering av kloakkslam,,URN:NBN:no-nb_digibok_2012041308199,oai:nb.bibsys.no:990706934124702202,1333165620a54be8ac97f697f71deebd,,[Oslo],19730101,1973,Arbeidsgruppen,nob,,,,Uklassifisert,digibok
67,100146294,Dåpspraksis og dåpsopplæring i Den norske kirke : en utredning avgitt til Bispemøtet våren 1982 med Bispemøtets vedtak og studieplan for sju samvær,,URN:NBN:no-nb_digibok_2013041906126,oai:nb.bibsys.no:998420989924702202,59dda4673ddc04a1442e3aa294de6e2c,8271121782,[Oslo],19820101,1982,IKO's læremidler,nob,dåp / sakrament / dåpsopplæring / religionspedagogikk,265,,Faglitteratur,digibok
68,100358863,"Innstilling fra komiteen oppnevnt av Norges landbrukshøgskole for utredning av forskning og undervisning i friluftsliv, utmarksnæring, naturvern og planlegging",,URN:NBN:no-nb_digibok_2017112148538,oai:nb.bibsys.no:999418560464702202,fec20ac1ebafa864d0001488a319f5a0,,Vollebekk,19650101,1965,Norges landbrukshøgskole,nob,friluftsliv / utdanning / læring / undervisning / naturvern / planlegging,630.7,,Faglitteratur,digibok
69,100560591,"Utredning av konsekvenser av ytre påvirkning : klimaendring, forurensning og annen viktig påvirkning fra kilder utenfor norsk del av Barentshavet : forslag til utredningsprogram",,URN:NBN:no-nb_digibok_2009063001076,oai:nb.bibsys.no:990309463794702202,38a31eb9e310b12a02b7c83c03cfa4b1,,,20030101,2003,Norsk polarinstitutt,nob,Havbruk,,,Uklassifisert,digibok
70,100550846,Utredning av konsekvenser for vannutskiftningen i indre Oslofjord ved utvidelsen av skipsleden over Drøbakterskelen,"Stigebrandt , Anders / Magnusson , Jan",URN:NBN:no-nb_digibok_2011070606192,oai:nb.bibsys.no:990207878044702202,137599f32c1eb7c51a6f5b30cf24c20b,8257741507,Oslo,20020101,2002,Norsk institutt for vannforskning,nob,,,,Uklassifisert,digibok
71,100253982,Utredning av snøfreser løpehjul,"Jernsletten , Jo / Rhrich , Abdel / Hartmann , Arild",URN:NBN:no-nb_digibok_2015062308261,oai:nb.bibsys.no:999817101314702202,1cded6f5bdac2238c645857a2175f0c0,8214003369,Trondheim,19980101,1998,"SINTEF Energi, Termisk energi og vannkraft",nob,Maskinkonstruksjon / Snøfresere,,,Uklassifisert,digibok
72,100241668,"Geologisk utredning av grunnvarmeanlegg på Hovdejordet, Bodø boligbyggerlag, Bodø","Elvebakk , Harald / Skarphagen , Helge / Midttømme , Kirsti",URN:NBN:no-nb_digibok_2015020209072,oai:nb.bibsys.no:990223812014702202,83cf75cecd1497767eb7e1396f36145f,,Trondheim,20020101,2002,Norges geologiske undersøkelse,nob,,,,Uklassifisert,digibok
73,100213124,Komiteen for utredning av spørsmålet om opprettelse av et norsk fredskorps,,URN:NBN:no-nb_digibok_2014070708110,oai:nb.bibsys.no:991427682274702202,886592daa3dbb31b101c73e896761ab1,,[S.l.],19740101,1974,[s.n.],nob,,,,Uklassifisert,digibok
74,100570142,Utredning av barn som oppfattes som hyperaktive,"Stubrud , Leif Hugo",URN:NBN:no-nb_digibok_2010022504065,oai:nb.bibsys.no:999210218284702202,e0967375fb13ebce226c9b2946725cf5,8291113076,Fredrikstad,19920101,1992,Østfold vernepleierhøgskole,nob,Attention deficit disorder with hyperactivity / hyperaktivitet / hyperaktive / barn / utredning / adhd / ad/hd / mbd,,,Uklassifisert,digibok
75,100157811,Utredning av de faglige forutsetningene for arbeid med ungdom plassert etter lov om barneverntjenester §§ 4-24 og 4-26 : rapport levert av faggruppe,,URN:NBN:no-nb_digibok_2013070905195,oai:nb.bibsys.no:999526498534702202,4f561722002855f7d5042ae3ce7f966c,,[Oslo],19950101,1995,Departementet,nob,barnevern / ungdom / tvang / institusjoner / utredninger / norge,,,Faglitteratur,digibok
76,100518285,Fra reformer i teorien til reformer i praksis? : fysioterapeuters innsamling av informasjon i utredning av barn med cerebral parese : en spørreskjemaundersøkelse basert på ICIDH-2,"Østensjø , Sigrid",URN:NBN:no-nb_digibok_2010092309003,oai:nb.bibsys.no:999903434994702202,e67adb67dbc14c501fc04bc1a2fef489,8291504040,Oslo,19990101,1999,"Seksjon for helsefag, Det medisinske fakultet, Universitetet i Oslo",nob,Cerebral Palsy / Disabled Persons / Child / hovedoppgave / fysioterapi / barn / behandling / habilitering / cerebral / parese / sykdommer,,,Faglitteratur,digibok
77,100071315,Museene : innstilling fra Komitéen til utredning av museenes stilling innen universitetsstrukturen,"Kloster , Robert",URN:NBN:no-nb_digibok_2012012008173,oai:nb.bibsys.no:999328821294702202,ae68572d808f70d0b4b4f0952c08674f,,Bergen,19720101,1972,Universitetsforl.,nob,,069,,Faglitteratur,digibok
78,100211799,Losutdanning : utredning av en arbeidsgruppe oppnevnt av Fiskeridepartementet,"Ness , Finn",URN:NBN:no-nb_digibok_2014061708089,oai:nb.bibsys.no:999824456794702202,010e785ba2278b25c4d32a5ba3a9c671,,Oslo,19790101,1979,Kystdirektoratet,nob,"utdanning, / losutdanning",,,Uklassifisert,digibok
79,100420212,Noen synspunkter på utredning av maktforhold i Norge,"Hernes , Gudmund",URN:NBN:no-nb_digibok_2020060909032,oai:nb.bibsys.no:999310559384702202,4864a0066c9f1f4195b53333075cba33,,Bergen,19730101,1973,Maktutredningen,nob,makt / norge / samfunnsanalyser / statsvitenskap / politikk,320,,Faglitteratur,digibok
80,100128257,Indikatorer for lokal sårbarhet : utredning av et analyseverktøy,"Jakobsen , Stig-Erik",URN:NBN:no-nb_digibok_2013011006003,oai:nb.bibsys.no:990806566094702202,e2d2f97c763d7c909892bae818f35f4e,,Bergen,20070101,2007,Samfunns- og næringslivsforskning,nob,,,,Uklassifisert,digibok
81,100422105,"Framtidig organisering og kontraktsformer for kjøp av kollektivtransporttjenester i Telemark : utredning av beslutningsgrunnlag for Regionaletaten, Telemark fylkeskommune","Hagen , Trine / Norheim , Bård",URN:NBN:no-nb_digibok_2020092207596,oai:nb.bibsys.no:990116465354702202,1ec7ae7a944e2bf213f1ceeb6fdfad47,8248001946,,20010101,2001,Transportøkonomisk institutt,nob,Kollektivtrafikk,,,Uklassifisert,digibok
82,100058234,Utredning av tidligere arealspredd DDT på skogplanteskoler med hensyn til konsekvenser og behov for tiltak,"Eggen , Trine / Eklo , Ole Martin / Haraldsen , T. / Källquist , T. / Stuanes , A. / Uhlig , C.",URN:NBN:no-nb_digibok_2011092205051,oai:nb.bibsys.no:990406490754702202,21fbab869d02b361d3427a258892f4a2,8274674898,Ås,20030101,2003,Jordforsk,nob,Forest nurseries / DDT / Agricultural chemicals / Pollution by agriculture / Environmental impact assessment / Bioaccumulation / Pollution control / Norway,,,Uklassifisert,digibok
83,100550834,Miljøsikringsfondet Folldal Verk : utredning av forurensningsbegrensende tiltak i gruveområdet i Folldal sentrum,"Iversen , Eigil Rune / Knudsen , Carl-Henrik",URN:NBN:no-nb_digibok_2011070606174,oai:nb.bibsys.no:990220512794702202,ef585cc1b59f823b815df6cc0a4ab637,8257741485,Oslo,20020101,2002,Norsk institutt for vannforskning,nob,,,,Uklassifisert,digibok
84,100072119,Konsesjonsordninger i fiske : utredning av et utvalg oppnevnt ved kongelig resolusjon 10. september 1971 ; utredningen avgitt 19. april 1972,"Olsen , Sven",URN:NBN:no-nb_digibok_2012060108021,oai:nb.bibsys.no:999421252584702202,83a88db925f61cb43e1bee37d2157abf,8200700259,Oslo,19720101,1972,Universitetsforl.,nob,,639.9,,Faglitteratur,digibok
85,100535494,"Kartlegging og utredning av informasjonsflyt : en delrapport i prosjektet ""Bredbåndsteknologi i hjemmetjenesten, Alta kommune""","Schulstad , Geir",URN:NBN:no-nb_digibok_2011040405041,oai:nb.bibsys.no:990120593584702202,358c393805b1bfafa96b3776cbb85722,,Alta,20010101,2001,"Høgskolen i Finnmark, Avdeling for nærings- og forvaltningsfag",nob,informasjonsteknologi / omsorgstjeneste,,,Uklassifisert,digibok
86,100210080,Innstilling fra utvalg for utredning av mulighetene for fangst og anvendelser av krillressursene i Antarktis,"Heen , Eirik",URN:NBN:no-nb_digibok_2014062709122,oai:nb.bibsys.no:999826270924702202,298dcac5bf2aef24a12ef3e9c38735bf,,[S.l.],19760101,1976,[s.n.],nob,,,,Uklassifisert,digibok
87,100038484,Innstilling fra Felleskomitéen LO-DNA til utredning av demokrati i arbeidslivet : innstilling avgitt mars 1965 : med tillegg: kongressens vedtak 1965 : DNA's landsmøtevedtak 1965 : § 9 i hovedavtalen av 1966 : samarbeidsavtalen av 1965,,URN:NBN:no-nb_digibok_2011020206002,oai:nb.bibsys.no:999404052454702202,9ea689b3d273511b157606dde401df60,,Oslo,19690101,1969,Komiteen,nob,,,,Faglitteratur,digibok
88,100420312,Veileder til utredningsinstruksen : instruks om utredning av statlige tiltak,,URN:NBN:no-nb_digibok_2020090307712,oai:nb.bibsys.no:999919837277002202,c4d7720a516015d5a06a8d5a15d03472,,Oslo,20160101,2016,Direktoratet for økonomistyring,nob,,,,Faglitteratur,digibok
89,100544413,"Bistand til mattilsynet knyttet til utredning av dyrevelferd i akvatisk dyrehold, herunder fremtidens dyrehold","Rosten , Trond Waldemar",URN:NBN:no-nb_digibok_2011062308057,oai:nb.bibsys.no:990713338354702202,ca5ea2861eda78fde0b1c86c30db5cc2,,Oslo,20070101,2007,Norsk institutt for vannforskning,nob,,,,Uklassifisert,digibok
90,100291242,Innstilling fra Utvalget til utredning av spørsmålet om sammenslåing av de eksisterende salgsorganisasjoner for førstehåndsomsetningen av sild i Sør-Norge,,URN:NBN:no-nb_digibok_2016042108242,oai:nb.bibsys.no:990827918564702202,b225a1e1fd0f23f04afee8c6eebb0594,,,19630101,1963,,nob,,,,Uklassifisert,digibok
91,100341051,Fagmodell for utredning av barn og foreldre i hjemmet,"Nygren , Pär",URN:NBN:no-nb_digibok_2017071409001,oai:nb.bibsys.no:999504728754702202,a4c84f491b2f3182a9d7f28fff774dce,,Oslo,19940101,1994,"Avdeling Barn, Barnevernssekretariatet, Oslo kommune",nob,,,,Uklassifisert,digibok
92,100363324,Innstilling fra utvalget for teknisk/økonomisk utredning av avtaksmuligheter for råstoff til sildolje og sildemel,"Sola , Einar",URN:NBN:no-nb_digibok_2018020609552,oai:nb.bibsys.no:999826196854702202,05b040fcde97b53f26f62d73ff4b7d60,,[S.l.],19690101,1969,[s.n.],nob,økonomi / teknologi / industri / fiskerier,,,Uklassifisert,digibok
93,100239696,Sykehussektorens økonomi : en utredning av ulike sider ved sykehusenes økonomiske situasjon fra 1985,"Jørgensen , Stig",URN:NBN:no-nb_digibok_2014121808085,oai:nb.bibsys.no:999212074844702202,17434178486efba7b279352a0cccc51d,,Trondheim,19870101,1987,NIS,nob,810349 / sykehus,,,Uklassifisert,digibok
94,100305885,Vanføreforsorgen i Norge : innstilling fra det av Socialdepartementet 21. september 1922 nedsatte utvalg til utredning av vanføresaken,,URN:NBN:no-nb_digibok_2016070848029,oai:nb.bibsys.no:990119377934702202,72191a33a625a98c26bb0e4a69cde3be,,,19240101,1924,Departementet,nob,Funksjonshemmede / Sosialomsorg,,,Uklassifisert,digibok
95,100034802,Utredning om barneteaterarbeid i Norge : innstilling fra Norsk kulturråds utvalg til utredning av barneteaterarbeid i Norge,,URN:NBN:no-nb_digibok_2007072501050,oai:nb.bibsys.no:999003197394702202,b97779025effc261b6c3c260aabf9e07,8270810142,,19760101,1976,Rådet,nob,Barneteater / kunst/musikk / barneteater / norge / drama / teater / barn / 1900-tallet,792,,Faglitteratur,digibok
96,100290021,Politiet og minoriteter : en utredning av problemstillinger knyttet til forholdet mellom innvandrere og politiet,,URN:NBN:no-nb_digibok_2016042509523,oai:nb.bibsys.no:999510754114702202,22c4c4201c3e1a98509cb9bfe20141a5,,,19930101,1993,Kontaktutvalget mellom innvandrere og norske myndigheter,nob,Cooperation / Police / Minority groups / Right to justice / Judicial system / Immigrants / norge / politi / minoriteter / innvandrere,,,Uklassifisert,digibok
97,100251844,"Utredning av et samisk læremiddelsenter : bakgrunn, oppgaver, organisering",,URN:NBN:no-nb_digibok_2015060508148,oai:nb.bibsys.no:990927950054702202,f406372cfc55e9244affb678f9ff3762,,Sandvika,19920101,1992,Samisk utdanningsråd,nob,,,,Uklassifisert,digibok
98,100453591,"Geografiutdanning ved siden av jobb og utenfor lærestedet : en utredning av muligheter og konsekvenser av en utbygging av et fjernundervisning- og etterutdanningstilbud ved Geografisk institutt, NTNU","Rye , Ståle Angen",URN:NBN:no-nb_digibok_2009122200023,oai:nb.bibsys.no:999819889894702202,cfac7e8db0ea7b8d6d4b2b470ac56704,,Trondheim,19980101,1998,"Geografisk institutt, Universitetet i Trondheim",nob,,,,Faglitteratur,digibok
99,100105080,Utredning av skole- og barnehagestruktur i Kvinesdal kommune,"Omholt , Torbjørn / Wiik , Lise",URN:NBN:no-nb_digibok_2012071805002,oai:nb.bibsys.no:990400484704702202,2e3389c151b35df9a2c39e11287ca8bf,8274630971,Notodden,20030101,2003,Telemarksforsking-Notodden,nob,,,,Uklassifisert,digibok
100,100411602,Utredning av kompetansehevingstiltak i barnevernet,,URN:NBN:no-nb_digibok_2020071748593,oai:nb.bibsys.no:999920079604102202,5fdadacc911eca4a55f98ef1d2301dfb,,,20190101,2019,Bufdir,nob,barnevernet / tiltaksplaner,362.7,tekst,Faglitteratur,digibok
101,100203281,"Hålogaland næringspark, Evenskjer, Skånland kommune : konsekvensutredning av reindriftsinteressene","Riseth , Jan Åge / Johansen , Bernt E.",URN:NBN:no-nb_digibok_2014040906022,oai:nb.bibsys.no:991322477204702202,b18936df906f0fee402d6083f976a92a,,,20110101,2011,Norut Tromsø,nob,Naturressurser / Forvaltning / Reinbeite / Reindriftsnæring / arealinngrep,333.74,,Faglitteratur,digibok
102,100031212,Er det demens? : utredning av demens i primær- og spesialisthelsetjenesten,"Engedal , Knut",URN:NBN:no-nb_digibok_2008071504083,oai:nb.bibsys.no:999708388914702202,f42ca1c9e6b36d8a6dc524bf1a53a422,8291054436,Sem,19970101,1997,INFO-banken,nob,Dementia / classification / Dementia / Dementia / diagnosis / Diagnosis / senil / demens / diagnose / aldersdemens / demensklassifisering / alzheimers / sykdom / alderdomssløvsinn / diagnostikk / geriatri / skjemaer,616.898,,Faglitteratur,digibok
103,100251148,Hovedflyplass Gardermoen : grunnvannet som drikkevannskilde : en utredning av grunnvannet som aktuell drikkevannskilde for Romerike,,URN:NBN:no-nb_digibok_2015060108093,oai:nb.bibsys.no:999813246814702202,0861ad8cc7876dfe0dbf973544e6e870,,Oslo,19910101,1991,Akershus fylkekommune,nob,grunnvann,,,Faglitteratur,digibok
104,100108389,Utredning av transportstandarden for kysten Bergen - Kirkenes,"Lian , Jon Inge",URN:NBN:no-nb_digibok_2009022004057,oai:nb.bibsys.no:990303433994702202,da1720b5e87be30dfe1baca9fac09208,8248003027,,20020101,2002,Transportøkonomisk institutt,nob,Transport / Kyst / Rapporter / Norge / Rutebåttrafikk / Støtteordninger / Skipsfart / Finansiering / Hurtigruta,,,Uklassifisert,digibok
105,100050585,"Utredning av tiltak for å redusere utslippet av SF₆, og konsekvenser av regulering","Runde , Magne",URN:NBN:no-nb_digibok_2011070708136,oai:nb.bibsys.no:990107771134702202,a3bb33d626b236303c46ce46b5a6e385,8259418053,Trondheim,20010101,2001,SINTEF energiforskning,nob,svovelhexafluorid / høyspenningsanlegg / brytere,,,Uklassifisert,digibok
106,100111751,Innstilling fra Utvalg til utredning av psykologitjenestens organisasjon m. v. i forsvaret,"Stub , K.",URN:NBN:no-nb_digibok_2012082909005,oai:nb.bibsys.no:990937040974702202,f916be7cf157a19710b35a1c7173d428,,,19560101,1956,,nob,,,,Uklassifisert,digibok
107,100240172,Orkan 92 : everkskader: utredning av de tekniske skader ved uværet 31. desember 91 - 6. januar 92. 1 : Sammendragsrapport,"Thomassen , Harald",URN:NBN:no-nb_digibok_2015011508195,oai:nb.bibsys.no:999325161064702202,98c334724740b15af437e18840da5087,8243600744,Oslo,19930101,1993,Norges energiverkforbund,nob,,,,Faglitteratur,digibok
108,100455919,"NHS og NKF har inngått en avtale om utredning av mulig samarbeid : redegjørelse fra KFO-ledelsen, viktige presseklipp, øvrigbakgrunnsinformasjon",,URN:NBN:no-nb_digibok_2009020904086,oai:nb.bibsys.no:999821222254702202,115c0efe9aef463539b44df372416dfa,,[Oslo],19980101,1998,Kommuneansattes fellesorganisasjon,nob,,,,Uklassifisert,digibok
109,100049714,Statens innkjøp : utredning om Statens innkjøp fra et utvalg oppnevnt av Lønns- og prisdepartementet ved Kgl. res. av 5. des. 1969. Utredning avgitt 21. april 1972,"Kaarbø , Reidar",URN:NBN:no-nb_digibok_2011053005063,oai:nb.bibsys.no:999404404664702202,c9fd653519c27b2f5a192d7619cdb110,8200700208,Oslo,19720101,1972,Universitetsforl.,nob,leveranser,353,,Faglitteratur,digibok
110,100254952,Innstilling fra komiteen til utredning av en ny studieretning i industriell økonomi ved Norges Tekniske Høgskole : innstilling avgitt februar 1984,,URN:NBN:no-nb_digibok_2015070608077,oai:nb.bibsys.no:999012377284702202,441e9b50bb1cd8a6d2cd115f56240271,,Trondheim,19840101,1984,inst.,und,utdanning / økonomi / industriell,,,Faglitteratur,digibok
111,100372734,Konsekvensutredning av videre drift av konsesjonsunderlagte anlegg ved Institutt for energiteknikk,,URN:NBN:no-nb_digibok_2018050448158,oai:nb.bibsys.no:999919852790302202,41f730fc79d421e24ed2422c77e38976,,Kjeller,20040101,2004,IFE,nob,,,,Uklassifisert,digibok
112,100135998,Kollektivbetjening av Fornebu : tilleggsutredning til konsekvensutredning av januar 2000 etter plan- og bygningslovens kapittel VII-a : høringsutgave,,URN:NBN:no-nb_digibok_2013020809063,oai:nb.bibsys.no:990107866194702202,9d3d9a69013b4fbd421d0bd518301d9f,,[Oslo],20010101,2001,Statens vegvesen Akershus,nob,fornebu,,,Uklassifisert,digibok
113,100077635,Innstilling fra Utvalget for utredning av bilsakkyndigetatens virksomhet,"Olsen , Karl",URN:NBN:no-nb_digibok_2012053108058,oai:nb.bibsys.no:999903711904702202,c26392da06910c54167d712a9927cbc0,,Oslo,19720101,1972,Samferdselsdepartementet,nob,biler / biltrafikk / samferdsel / trafikk,,,Uklassifisert,digibok
114,100541140,Vurdering og tilrettelegging av fysisk aktivitet : erfaringer fra utredning av gamle med funksjonssvikt ved Granli,"Haugen , Knut",URN:NBN:no-nb_digibok_2011060808042,oai:nb.bibsys.no:999518561624702202,8f674e1d80e88f9e10d8664c31586347,,Granli,19900101,1990,INFO-banken,und,senil / demens / fysisk / aktivitet / eldre / adl,,,Uklassifisert,digibok
115,100087318,Folketrygdens uførebegrep : utredning avgitt 29. november 1976,,URN:NBN:no-nb_digibok_2012062506035,oai:nb.bibsys.no:999203459564702202,1eeac875847b72f81269c6368513cd28,8200703568,Oslo,19770101,1977,Universitetsforl.,nob,Disabled Persons / legislation & jurisprudence / trygd,368.4,,Faglitteratur,digibok
116,100018457,Innvandrerbarn og ungdom i Norge : annen generasjons innvandrere eller første generasjons nordmenn? : en utredning av problemstillinger knyttet til første generasjons nordmenns integrering i norsk samfunn,,URN:NBN:no-nb_digibok_2010102009063,oai:nb.bibsys.no:999315804044702202,2f3828cea3c93f1fbcfa8a3a8be50f82,,,19900101,1990,Utvalget,nob,Immigrants / Family / Children / Adolescents / Unaccompanied minors / Social services / Integration / Equal opportunities / Day care centres / Educational opportunities / Social problems / Primary education / Secondary education / Leisure / Labour market / Employment opportunities / Unemployment / innvandrerbarn / oppvekstmiljø / migrasjonspedagogikk / barn,,,Faglitteratur,digibok
117,100068161,Kongsberg kommune : utredning av tiltak mot høyt kopperinnhold i kloakkslam,"Iversen , Eigil Rune / Stene-Johansen , Svein / Knudsen , Carl-Henrik",URN:NBN:no-nb_digibok_2011102806079,oai:nb.bibsys.no:990306999594702202,6ef4b27d1ea5e396ef823309f454ac14,8257742872,Oslo,20030101,2003,Norsk institutt for vannforskning,nob,,,,Uklassifisert,digibok
118,100275549,Vi får det til! : utredning av kognisjon og kommunikasjon hos mennesker med alvorlig og dyp utviklingshemming,"Østvik , Jan Erik",URN:NBN:no-nb_digibok_2016010808082,oai:nb.bibsys.no:991146277544702202,eff8503d57040e65d633eccfed63e0e1,,[Hamar],20110101,2011,Helse Sør-Øst RHF,nob,,,,Uklassifisert,digibok
119,100111734,"Lov om registrering av foretak : Revisjon av handelsregistreringsordni ngen etter loven av 17. mai 1890 om Handelsregistre, Firma og Prokura: Delutredning avgitt til Handelsdepartementet i september 1983",,URN:NBN:no-nb_digibok_2012082108235,oai:nb.bibsys.no:991149739544702202,bd41687abb6eedf4985b245cd88d2d34,,Oslo,19830101,1983,Handels- og skipsfartsdepartemetet,nob,,,,Faglitteratur,digibok
120,100282134,En Utredning av behovene for etter- og videreutdanning i bygghåndverksfagene,,URN:NBN:no-nb_digibok_2016020209106,oai:nb.bibsys.no:999804710954702202,662e0a5459147065f4855477ac463c03,8291098026,[Oslo],19970101,1997,Bygghåndverksfagenes landsforening,nob,Voksenopplæring / Håndverkere,,,Uklassifisert,digibok
121,100133453,Innstilling fra den av den Norske lægeforenings centralstyre nedsatte komité til utredning av spesialistreglene og lægenes adgang til videre utdannelse og dermed sammenhengende spørsmål,,URN:NBN:no-nb_digibok_2013010308056,oai:nb.bibsys.no:990408111904702202,9159bb116bff032cd049d7c9c08ba51d,,Oslo,19360101,1936,,nob,,,,Uklassifisert,digibok
122,100245878,Økonomisk utredning av Oppdrift-kommunene,"Andresen , Kenneth",URN:NBN:no-nb_digibok_2015041708023,oai:nb.bibsys.no:990003852394702202,28b0f5013f5e10cc00c2a8e89e3b299c,,Kristiansand,19990101,1999,Agderforskning,nob,oppdrift / nøkkeltall / kommune / økonomi,,,Faglitteratur,digibok
123,100243105,Markedstilpasning av idrettsfaglig utdanning : utredning av mellomfagstillegg i idrett/kroppsøving ved Bergen lærerhøgskole. 1 : En spørreskjemaundersøkelse blant tidligere studenter,"Ellingsen , Jan Emil",URN:NBN:no-nb_digibok_2015022308112,oai:nb.bibsys.no:991400437214702202,345c7b991eb24739d5987bf17d3d6ea4,,,19870101,1987,Bergen lærerhøgskole,und,,,,Faglitteratur,digibok
124,100494543,Universitetsbibliotekets utbygning : en utredning av overbibliotekaren,"Munthe , Wilhelm",URN:NBN:no-nb_digibok_2013082724008,oai:nb.bibsys.no:990202929374702202,aeed1c9267d8826f0042b818c91e0af9,,Oslo,19300101,1930,,nob,,,,Uklassifisert,digibok
125,100102949,Lokalutvalg i kommunene : delutredning av 13. des. 1973,"Juel , Dagfin",URN:NBN:no-nb_digibok_2012071206203,oai:nb.bibsys.no:999404095184702202,e933775f045b20f8667d715d98e1f9b3,8200701204,Oslo,19740101,1974,Universitetsforl.,nob,,352,,Faglitteratur,digibok
126,100028106,Felleskomitéen LO-DNA til utredning av: Demokrati i arbeidslivet : uttalelser fra LO's og DNA's grunnorganisasjoner,,URN:NBN:no-nb_digibok_2010111706092,oai:nb.bibsys.no:997514074294702202,7a8b747569c853c1836d26126523b8a3,,[S.l.],19640101,1964,[s.n.],nob,Bedriftsdemokrati,,,Uklassifisert,digibok
127,100310669,Utredning av konsekvenser av helårig petroleumsvirksomhet i området Lofoten - Barentshavet : sammendragsrapport : høringsuttalelse fra Bellona,"Hauge , Anders",URN:NBN:no-nb_digibok_2016100409045,oai:nb.bibsys.no:990420929574702202,85a00ef5bef5d6be6ca6a11509aa2269,,Oslo,20030101,2003,Miljøstiftelsen Bellona,nob,Petroleumsindustri / miljøbelastning,,,Uklassifisert,digibok
128,100349734,"Målinger av luftkvalitet i Skogn og Levanger, oktober 1997 - september 1998, i forbindelse med konsekvensutredning av utslipp av NOx til luft fra kraftvarmeverk på Fiborgtangen i Skogn = : Measurements of air quality in Skogn and Levanger, October 1997 - September 1998, in connection with evaluations of concequences for the environment of NOx emissions from a power heating plant at Fiborgtangen, Skogn","Hagen , Leif Otto",URN:NBN:no-nb_digibok_2017092605023,oai:nb.bibsys.no:999908764624702202,0541256060d2791ed4efa6f8fdaa4eeb,8242510504,Kjeller,19990101,1999,Norsk institutt for luftforskning,nob,,,,Uklassifisert,digibok
129,100517665,Er det demens? : utredning av demens i primær- og spesialisthelsetjenesten,"Engedal , Knut",URN:NBN:no-nb_digibok_2010081808013,oai:nb.bibsys.no:999904873774702202,90072f26391c0c7f37820a572622fb9c,8291054576,Sem,19990101,1999,INFO-banken,nob,Dementia / Diagnosis / senil / demens / aldersdemens / diagnostikk / diagnostkk,616.898,,Faglitteratur,digibok
130,100512264,Utredning av konsekvenser for marine dykkender og laksesmolt ved masseuttak i munningen av Verdalselva,"Nygård , Torgeir / Hvidsten , Nils Arne",URN:NBN:no-nb_digibok_2010062103044,oai:nb.bibsys.no:990110976714702202,fbca91696a0a36394e933fde18040388,8242611947,Trondheim,20010101,2001,NINA Norsk institutt for naturforskning,nob,,,,Uklassifisert,digibok
131,100110813,Rapport fra arbeidsgruppen for utredning av handelsnæringens engasjement i norsk eksportvirksomhet,"Hagen , Petter",URN:NBN:no-nb_digibok_2012082909031,oai:nb.bibsys.no:999903739594702202,ff12041a69411643187b28568e1c0172,,Oslo,19880101,1988,Utenriksdepartementet,nob,eksport / utenrikshandel / handelspolitikk / næringsvirksomhet / handel,,,Faglitteratur,digibok
132,100162879,Utredning av program for overvåking av klimaendringseffekter i ferskvann,"Kaste , Øyvind",URN:NBN:no-nb_digibok_2013073008121,oai:nb.bibsys.no:991147597404702202,efe2eea5360ac83e68f0e36b86ddb9ff,,Oslo,20110101,2011,Norsk institutt for vannforskning,nob,fersk / vann / klimaendringer / overvåking / lange / dataserier,,,Uklassifisert,digibok
133,100082488,Innstilling fra Komiteen til utredning av spørsmålet om statsmonopol for importert fast brensel,,URN:NBN:no-nb_digibok_2012022208058,oai:nb.bibsys.no:990713446834702202,de80da580508360d96aa10c910260577,,Oslo,19520101,1952,Handelsdepartementet,nob,,,,Uklassifisert,digibok
134,100285864,"Utredning av enkle behandlingsmetoder for jernholdige drikkevannskilder i Rukwa, Tanzania","Folkestad , Beate",URN:NBN:no-nb_digibok_2016030309141,oai:nb.bibsys.no:990003741724702202,16d82e92bca11297c6efd2bceac31242,,[Oslo],19870101,1987,B. Folkestad,nob,,,,Uklassifisert,digibok
135,100369823,Realisering av elevenes rett til et godt psykososialt miljø i skolen og et elevombuds rolle : utredning av opplæringslovens kapittel 9a og behovet for å opprette et permanent elevombud,"Welstad , Trond / Warp , Simen",URN:NBN:no-nb_digibok_2018041648018,oai:nb.bibsys.no:991142753434702202,cf773401fe474b230d40b8dc149e5916,,Oslo,20110101,2011,"Institutt for offentlig rett, Universitetet i Oslo",nob,elever / rettigheter / skoler / skolemiljø / arbeidsmiljø / skolen / skolerett / utdanningsrett / norge / opplæringsloven / grunnskoler / forvaltning,344.07,,Faglitteratur,digibok
136,100439699,Opdragelseskristendom og vækkelseskristendom : en utredning av forholdet mellem gjenfødelsen i barnedaaben og vækkelsen og omvendelsen,"Hallesby , O.",URN:NBN:no-nb_digibok_2021032548763,oai:nb.bibsys.no:999326906024702202,9bccde02902d36b7ab5ef36298a6f434,,Oslo,19260101,1926,Lutherstiftelsen,nob,Dåp / dåp / omvendelse / vekkelser,,,Uklassifisert,digibok
137,100111462,Skiens Brugseierforening : en historisk utredning av brugseierforeningens virksomhet 1881-1923,"Kittilsen , Ingolf",URN:NBN:no-nb_digibok_2012092608249,oai:nb.bibsys.no:999902577384702202,912016daf2ef687659b9f3bc5cb1d7ee,,,19240101,1924,(Grøndahl),nob,,,,Uklassifisert,digibok
138,100348239,Utredning av NOSP (Nordisk samkatalog over periodika),"Fagerli , Hans Martin",URN:NBN:no-nb_digibok_2009091001006,oai:nb.bibsys.no:990111776324702202,36dbe506a51e048eac1745e1824844af,,Oslo,19910101,1991,Statens bibliotek- og informasjonshøgskole,nob,,,,Uklassifisert,digibok
139,100102442,Rapport fra Arbeidsgruppen for utredning av helseplager ved merket/farget mineralolje,"Norseth , Tor",URN:NBN:no-nb_digibok_2012081608248,oai:nb.bibsys.no:999903837844702202,deec5854b29c904aa6135195d7da0e95,,Oslo,19950101,1995,Dept.,und,Vehicle Emissions / Mineral Oil / mineralolje / helse,,,Faglitteratur,digibok
140,100077853,Broforbindelse over Eidfjord Hardanger : utredning av rörbroprosjekt Vallavik-Bu,,URN:NBN:no-nb_digibok_2012061105077,oai:nb.bibsys.no:990420017734702202,d9c5a9d03ac8bb42938c5d2308242ee6,,Oslo,19790101,1979,Direktoratet,nob,,,,Uklassifisert,digibok
141,100503763,Deling av arbeid : en utredning av mulige strategier og konsekvenser,"Hansen , Marianne Nordli",URN:NBN:no-nb_digibok_2008022704057,oai:nb.bibsys.no:999507884904702202,2853781f4e006c67033c0ce7b517b865,8277630387,Oslo,19950101,1995,Institutt for samfunnsforskning,nob,Workplace / Employment / arbeidssosiologi / arbeidstid / arbeidsledighet / arbeidsdelingarbeidsløshet / sysselsetting / overtid,331.25,,Faglitteratur,digibok
142,100430755,Om etablering av industri i Harøysund i Fræna kommune : en utredning av konsekvenser for lokalsamfunn og kommune,"Tangen , Ståle",URN:NBN:no-nb_digibok_2020120806003,oai:nb.bibsys.no:998121073224702202,10153a9dfdeaf6700bfea27f8d3ae1e2,8290155409,,19790101,1979,Møre og Romsdal distriktshøgskole,mul / nno / nob,Industri / Lokaløkonomiske virkninger,309.26,,Faglitteratur,digibok
143,100374319,Skredet ved Mofjellbekken bruer (Skjeggestadskredet) : utredning av teknisk årsakssammenheng,"Strand , Stein-Are / Nyheim , Trude / Gjelsvik , Vidar",URN:NBN:no-nb_digibok_2018062705065,oai:nb.bibsys.no:991512490324702202,74647701a854de9d08cb13c02d16adae,,Oslo,20150101,2015,Norges vassdrags- og energidirektorat,nob,,,,Uklassifisert,digibok
144,100219646,Fisk i forskning - miljøkrav og velferdsindikatorer hos fisk : en utredning av forskningsbehovet,,URN:NBN:no-nb_digibok_2014071106012,oai:nb.bibsys.no:991000505734702202,4506478fead867b930a3a109566fbb89,,Oslo,20090101,2009,Norges forskningsråd,nob,dyrevelferd / fisk / miljø / havbruk / dyreforsøk,,,Uklassifisert,digibok
145,100435523,Utredning av den nærings- og forskningsmessige betydningen av IFEs nukleære virksomhet relatert til Haldenreaktoren,"Heen , Knut P. / Hervik , Arild / Bremnes , Helge",URN:NBN:no-nb_digibok_2021011907698,oai:nb.bibsys.no:991404793414702202,27a4981d6214e39e5d80d3d4e2fd2a3d,,Molde,20130101,2013,Møreforsking Molde,nob,kjernereaktorer / nukleær / virksomhet / næringsliv / økonomi / forskning / atomsikkerhet / halden / ife / institutt / energiteknikk / atomreaktorer / sikkerhet / atomforskning / bedriftsøkonomi / samfunnsøkonomi / energi / kjernekraft,,,Uklassifisert,digibok
146,100094453,Innstilling fra komitéen til utredning av spørsmålet om samfunnskunnskap som skriftlig fag på engelsklinjen,"Rogne , Margit / Goplen , Arne",URN:NBN:no-nb_digibok_2012072509112,oai:nb.bibsys.no:990222528274702202,62cfd2e77d860abbbcf734e8a5db500d,,[Oslo],19490101,1949,Undervisningsrådet,nob,engelsklinjen / språklinjen / skriftlige / fag / videregående / utdanning / gymnas / Norge / samfunnskunnskap,,,Uklassifisert,digibok
147,100520225,Bibliotek for fjernundervisning : rapport fra Utvalget for utredning av bibliotekbehovet for utdanningssøkere i fjernstudier og desentralisert utdanning : kortversjon,,URN:NBN:no-nb_digibok_2010102008181,oai:nb.bibsys.no:999619058674702202,8ffc0770031d92f693632f137c5fa477,8276200370,Oslo,19960101,1996,Statens bibliotektilsyn,nob,bibliotek / bibliotektjenester / fjernundervisning,,,Faglitteratur,digibok
148,100556263,Innstilling fra Arbeidsgruppen for utredning av disponeringsmuligheter for kloakkslam og husholdningsavfall fra Oslo. Del 2 : Kompostering som alternativ delbehandlingsmetode : vurdering av alternative disponeringsmåter for det faste avfallet,,URN:NBN:no-nb_digibok_2012041308215,oai:nb.bibsys.no:990706934634702202,c8a8acf49e5469b98b4ecf81b22398b4,,[Oslo],19730101,1973,Arbeidsgruppen,nob,,,,Uklassifisert,digibok
149,100396312,Utredning av trafikkreduserende tiltak og effekten på NO₂,"Høiskar , Britt Ann Kåstad",URN:NBN:no-nb_digibok_2019091807310,oai:nb.bibsys.no:991507393464702202,6063102ae062ee6a0d6444e3e61ca1b5,,Kjeller,20140101,2014,Norsk institutt for luftforskning,nob,,,,Uklassifisert,digibok
150,100016104,Akuttfunksjoner ved Follo sykehus : utredning av alternativer,"Buhaug , Harald / Bergsland , Knut H.",URN:NBN:no-nb_digibok_2010092008096,oai:nb.bibsys.no:999906751144702202,2adb9a6d4c23f77e96717d03dbb1090b,8214009421,Trondheim,19980101,1998,"SINTEF, Unimed, NIS, Norsk institutt for sykehusforskning",nob,Sykehus / Beredskap,,,Faglitteratur,digibok
151,100155832,Utredning av Kirkenes : utfordringer og muligheter,,URN:NBN:no-nb_digibok_2013062806093,oai:nb.bibsys.no:990417913634702202,5e80b86837a1614617f069b7934357be,,[Kirkenes?],20030101,2003,PIPE-Project Finnmark,nob,,,,Uklassifisert,digibok
152,100116462,"Tiltaksanalyse for Frøylandsvannet : NIVAs bidrag : 1. problemanalyse, 2. metodegrunnlag, 3. utredning av innsjøinterne tiltak og tiltak for å øke selvrensingen, 4. tiltakspakker for forskjellige målnivåer","Bratli , Jon Lasse",URN:NBN:no-nb_digibok_2012102308001,oai:nb.bibsys.no:999217410734702202,0049e5d62eadb68ba4d56a56ca380527,8257721603,Oslo,19920101,1992,Norsk institutt for vannforskning,nob,,,,Faglitteratur,digibok
153,100109118,"Perspektiver på rovdyr, ressurser og utmarksnæringer i dagens- og framtidens Norge : en konsekvensutredning av rovviltforvaltningens betydning for småfenæring, reindrift og viltintresser","Mysterud , Ivar / Mysterud , Iver",URN:NBN:no-nb_digibok_2012090708116,oai:nb.bibsys.no:999526368914702202,56cd2f200123ff2f8775a0bc326c1279,8290934408,,19950101,1995,"Biologisk institutt, Universitetet i Oslo",nob,Rovdyr / Naturressurser / Forvaltning / Rovvilt / Sauer / Konsekvensanalyser / Jerv / Kongeørn / Reindrift / Ulv / Rovdyr / Bjørnefamilien / Vilt / Gauper / Rovdyrforvaltning / Reindrift / Utmarksnæring / rovdyr / rovvilt / rovdyrforvaltning / kongeørn / gaupe / ulv / jerv / bjørn / sauehold / reindrift / jaktbart / vilt / konsekvensutredning / rovviltforvaltning / utmarksnæringer,333.954,,Faglitteratur,digibok
154,100073857,"Alkoholens medicinske anvendelse : foredrag holdt i Kristiania høsten 1917 på ""Kurset til utredning av alkoholspørsmålet""","Poulsson , E. (Edvard)",URN:NBN:no-nb_digibok_2012052908078,oai:nb.bibsys.no:990016319344702202,ba631b99d1e8ce5f4affe44dad79b761,,Kristiania,19180101,1918,,nob,,,,Faglitteratur,digibok
155,100554685,Innstilling fra utvalget til utredning av fiskernes økonomiske stilling,"Olsen , Johs.",URN:NBN:no-nb_digibok_2011120608031,oai:nb.bibsys.no:999826111704702202,6c758677be5756e0de47ac6f19667700,,[Trondheim],19550101,1955,,nob,fiskere / fiskeriøkonomi / fiskarlag,331.2,,Faglitteratur,digibok
156,100095484,Utredning av metoder for skriving og utprøving av mikroprogrammer,"Kent , Jan",URN:NBN:no-nb_digibok_2012073009038,oai:nb.bibsys.no:999416409654702202,b4ea912707aa84fb00813a17364aa3b9,8253900058,Oslo,19730101,1973,Norsk regnesentral,nob,,510.81,,Faglitteratur,digibok
157,100542458,"Åpne eller lukkede møter i formannskap, fylkesutvalg m.v : delutredning av 9. november 1972","Juel , Dagfin",URN:NBN:no-nb_digibok_2011053106012,oai:nb.bibsys.no:999303946074702202,362a41e580b45cbfaf50b9dfd8c0dc9e,8200700461,Oslo,19720101,1972,Universitetsforl.,nob,,352,,Faglitteratur,digibok
158,100395289,Nevropsykologisk utredning av demens hos personer med utviklingshemning : repetert testing ved kartlegging av funksjonssvikt : rapport,"Wigaard , Elisabeth",URN:NBN:no-nb_digibok_2019082007104,oai:nb.bibsys.no:991305069314702202,316a0f502066f2a990b93c41aee8bbbf,,Tønsberg,20120101,2012,Aldring og helse,nob,Neuropsychological Tests / Dementia / Intellectual Disability / Disabled Persons / demens / psykisk / utviklingshemmede / utviklingshemmet / utviklingshemming / utviklingshemning / aldersdemens / geriatri / funksjonssvikt / downs / syndrom / utviklingshemma,,,Uklassifisert,digibok
159,100248977,"Merking av kulturlaks i Norge : en utredning av aktuelle metoder, kostnader og effekter","Heggberget , Tor G.",URN:NBN:no-nb_digibok_2009072704032,oai:nb.bibsys.no:990007835604702202,6397b2156fd9d3f216d2c941182de2d3,8242611238,Trondheim,20000101,2000,Norsk institutt for naturforskning,nob,salmo / salar / kultiveringslaks / merkemetoder / fisk / laks,,,Uklassifisert,digibok
160,100421711,Utredning av krav til høyhastighetskompetanse for fører av fritidsbåt,"Stræte , Ole-Andreas / Hveding , Erik Axelsson / Andersen , Jack-Arild / Dale , Odd Konrad / Søreng , Petter A.",URN:NBN:no-nb_digibok_2020101948510,oai:nb.bibsys.no:999920097901202202,ae9e2bcf4e338537016f9a2bea89782f,,Haugesund,20200101,2020,Sjøfartsdirektoratet,nob,,628.38,tekst,Faglitteratur,digibok
161,100579203,Til dekket bord : mat og måltider i behandling og utredning av personer med demens,"Berg , Grethe",URN:NBN:no-nb_digibok_2009061100090,oai:nb.bibsys.no:990210460004702202,80676dcd58a6149a1b98c3bb6e0cda51,8291054886,Sem,20020101,2002,Nasjonalt kompetansesenter for aldersdemens,nob,Dementia / Alzheimer Disease / Food and Beverages / Dementia / therapy / Dementia / diagnosis / Alzheimer Disease / therapy / Alzheimer Disease / diagnosis / eldre / senil / demens / aldersdemens / ernæring / mat / måltider / sosialt / samkvem / samvær / kosthold / behandling,618.9768983 / 618.976898 / 618.97683,,Faglitteratur,digibok
162,100063383,Medisinsk utredning av en kadett som ikke var i stand til å fullføre stridskurs,"Opstad , Per Kristian / Haugen , Ann Helen / Ærø , Carl Ejner",URN:NBN:no-nb_digibok_2011102508110,oai:nb.bibsys.no:990110720674702202,1ea3d91f90e632160fda6480ba902eef,8246402366,Kjeller,19980101,1998,Forsvarets forskningsinstitutt,nob,,,,Uklassifisert,digibok
163,100103712,Konsekvensutredning av prosjekt Elektronisk postjournal,,URN:NBN:no-nb_digibok_2012082308153,oai:nb.bibsys.no:990106456164702202,0a33afb5761a03491e01124bf37e8cf6,,[Oslo],19990101,1999,Andersen Consulting,nob,,,,Uklassifisert,digibok
164,100211492,Begrensede konsekvenser av fjørfedirektivet : utredning av konsekvenser av EUs fjørfedirektiv,"Eriksen , Lars Øystein / Pettersen , Ivar",URN:NBN:no-nb_digibok_2014061606045,oai:nb.bibsys.no:991005876584702202,c9b433e4c6533c35c5c9ead5e0018b70,,Oslo,20100101,2010,Norsk institutt for landbruksøkonomisk forskning,nob,Norway / Poultry farming / European Union / Regulations / Poultry / fjørfe / husdyrhold / regelverk / EU-direktiv,,,Uklassifisert,digibok
165,100452910,Livsmedelsutbudet i Norden : en utredning av dagligvaruhandelns omvandling och dess konsekvenser för konsumenterna,"Roos , Gun",URN:NBN:no-nb_digibok_2010010704018,oai:nb.bibsys.no:990120782474702202,7bf7be1ef18a4563cc6d6dc22fbefe56,9289306947,København,20010101,2001,Nordisk Ministerråd,swe,konsum / forbruk / daglivarehandel / næringsmidler / markedsføringnorden / detaljhandel,,,Uklassifisert,digibok
166,100542412,Kommuneinndelingen i Hamar og Hedmarksbygdene : Utredning om revisjon av kommuneinndelingen i Hedmark - Hamar og Hedmarksbygdene avgitt av et utvalg oppnevnt av det kgl.Kommunal- og arbeidsdepartement 18.aug.1970. Utredning avgitt 29.juni 1972. Formann: Oskar Skogly,"Skogly , Oskar",URN:NBN:no-nb_digibok_2011053005057,oai:nb.bibsys.no:999404411954702202,acac9ca2d87a7f90862e5423ca19979d,8200700364,Oslo,19720101,1972,Universitetsforl.,nob,Kommuneinndeling / hedmark / kommuneforvaltning / lokalforvaltning,352,,Faglitteratur,digibok
167,100535505,Utredning av alternative rapporteringsløsninger for kirkelig tjenestestatistikk : sluttrapport,"Einarsen , Kurt Jonny / Mellesdal , Arild / Lie , Benedicte",URN:NBN:no-nb_digibok_2011040405066,oai:nb.bibsys.no:990118318394702202,f1e4d0b718161373df113a0e8b180c6a,8253749821,Oslo,20010101,2001,Statistisk sentralbyrå,mul / nob / nno,Statistical data / Religion / Databases / Public services / Social groups / Norway / statistikk / kirken / menigheter,,,Uklassifisert,digibok
168,100390974,Gatelysmaster : utredning av gatelysmaster : underlag for REF-publikasjon nr 12 1/94,,URN:NBN:no-nb_digibok_2009101300117,oai:nb.bibsys.no:999408350024702202,e83a15a459700307af09531ab323cbb1,,[Oslo],19940101,1994,Energiforsyningens fellesorganisasjon,nob,,,,Faglitteratur,digibok
169,100211464,"Teknologiutdanning med perspektiv : rapport fra Virksomhetskomiteen (VK2) for utredning av innhold, omfang og struktur for ikke-teknologiske emner i sivilingeniørstudiet","Øverli , Jan M.",URN:NBN:no-nb_digibok_2014061606008,oai:nb.bibsys.no:990316311004702202,d112c8c6f27fd315cbeea893cb51663b,,[Trondheim],20030101,2003,NTNU,nob,teknologiutdanning / sivilingeniørstudiet / ntnu,,,Uklassifisert,digibok
170,100548339,Utredning av LGIS klient - tjener arkitektur,"Skog , Knut Sivert",URN:NBN:no-nb_digibok_2011062906017,oai:nb.bibsys.no:990301774054702202,ecce23af6d82d4ed0ced05675da8e11d,,,20020101,2002,Norut informasjonsteknologi,nob,Digitale kartsystemer,,,Uklassifisert,digibok
171,100322615,Økonomisk-administrativ utdanning fram til siviløkonomgrad : utredning avgitt 1. november 1992,"Gjærum , Per Ivar",URN:NBN:no-nb_digibok_2017012548138,oai:nb.bibsys.no:999310344424702202,a3154f008f0126a8b788adce5f2ef325,,[S.l.],19920101,1992,[Arbeidsgruppen?],nob,studier / utdanning / distriktshøgskoler / økonomisk-administrativ / utdannelse / bedriftsøkonomi / universiteter / høgskoler / økonomi,,,Faglitteratur,digibok
172,100547757,Opprettelse av rådmannskontorer i fylkeskommunene : delutredning av 21 mars 1973,"Juel , Dagfin",URN:NBN:no-nb_digibok_2011070708137,oai:nb.bibsys.no:999107509394702202,948eceff0efa973bb620d649b603e41d,8200700860,,19730101,1973,Universitetsforlaget,nob,Fylkesforvaltning / lokalforvaltning,,,Uklassifisert,digibok
173,100073666,Innstilling fra Komitéen til utredning av spørsmålet om ytterligere sentralisering av den offentlige statistikk,"Germeten , Gunnar",URN:NBN:no-nb_digibok_2012051808119,oai:nb.bibsys.no:990224255514702202,5edc565747bcec6ad64a705da133fdbf,,[Oslo],19650101,1965,,nob,,,,Uklassifisert,digibok
174,100211493,Konsekvensutredning av veiprosjekter i by : intervjuer med planleggere i Statens vegvesen og kommunene,"Torp , Charlotte",URN:NBN:no-nb_digibok_2014061606046,oai:nb.bibsys.no:999702350464702202,ac7d093df0e77976c9ece405b578ba83,8274781929,Oslo,19960101,1996,Norges naturvernforbund,nob,vegplanlegging,,,Uklassifisert,digibok
175,100534912,Statsreligion og kirkestyre : utredning avgitt 21. november 1953 etter oppdrag av Kirke- og undervisningsdepartementet,"Castberg , Frede",URN:NBN:no-nb_digibok_2008050801019,oai:nb.bibsys.no:999114839004702202,03ee4648703d4179fa306eaa2fca9539,,Oslo,19530101,1953,Land og Kirke,nob,religion / statskirke / kirkepolitikk / norge / ekklesiologi / statskyrkje / kyrkjepolitikk,,,Uklassifisert,digibok
176,100544966,Røykenbanen : utredning av et utvalg oppnevnt av Nærtrafikk-komitéen for Oslo-området 31. mai 1968,"Ribu , Erik",URN:NBN:no-nb_digibok_2011062106041,oai:nb.bibsys.no:999404388954702202,b7b71a6d76f28a1aa1ad3d55be280eab,8200700089,Oslo,19720101,1972,Universitetsforl.,nob,jernbaner,385,,Faglitteratur,digibok
177,100529581,Utredning av utvalgsplan for sentral sykefraværsstatistikk,"Amundrud , Øystein / Tuveng , Irene",URN:NBN:no-nb_digibok_2011020306065,oai:nb.bibsys.no:999713096714702202,5333c077126b0913f2d617b6b361c6b4,,Oslo,19970101,1997,"Statistisk sentralbyrå, Avdeling for økonomisk statistikk, Seksjon for arbeidsmarkedsstatistikk",nob,,,,Uklassifisert,digibok
178,100307899,De medisinske spesialiteter og stillingstrukturen ved sykehus : utredning avgitt 1. juni 1981,,URN:NBN:no-nb_digibok_2016072709092,oai:nb.bibsys.no:998521158224702202,83251aa1a3c40e3d48d8e844fb4d2abb,,[Oslo],19810101,1981,[Sosialdepartementet],nob,,610.7,,Faglitteratur,digibok
179,100171693,Kulturarbeid i Finnmark : utredning av et arbeidsutvalg nedsatt av Fylkesutvalget : arbeidsdokument til Fylkesplanen for Finnmark,,URN:NBN:no-nb_digibok_2013091706135,oai:nb.bibsys.no:999207377734702202,0dde3d14bf5f43b37766cb9c57646977,,,19740101,1974,Fylkesutvalget,nob,Kulturpolitikk / kulturplaner / finnmark,309.2,,Faglitteratur,digibok
180,100105749,Ny markedsordning for melk : utredning av partssammensatt arbeidsgruppe : innstilling avgitt 14. mai 1996,,URN:NBN:no-nb_digibok_2012090408080,oai:nb.bibsys.no:990320038704702202,f14493af4b7f3ab4309fa2b582367a29,,[Oslo],19960101,1996,[Arbeidsgruppen],nob,,,,Faglitteratur,digibok
181,100565406,Fritak for undervisning i faget kristendomskunnskap med religions- og livssynsopplæring : forholdet til Norges folkerettslige forplik[t]elser : utredning avgitt til Kirke- utdannings- og forskningsdepartementet 22 januar 1997,"Møse , Erik",URN:NBN:no-nb_digibok_2009120704142,oai:nb.bibsys.no:999704620934702202,19dd0160a74490fba00d4f929b9a565c,,[Oslo],19970101,1997,"Kirke-, utdannings- og forskningsdepartementet",nob,kristendom / undervisning / menneskerettigheter / kristendomsundervisning / fritak / religionsfrihet / grunnskolen / norge,,,Faglitteratur,digibok
182,100218784,Sørkorridoren : utredning av transport og vegnett : hovedrapport,"Marshall , Lillebill",URN:NBN:no-nb_digibok_2014070906064,oai:nb.bibsys.no:990936797344702202,83e87826df39d767249666f0ec736a88,,[Oslo],20090101,2009,"Statens vegvesen, Region øst",nob,,,,Uklassifisert,digibok
183,100230397,"Utredningsinstruksen : instruks om utredning av konsekvenser, foreleggelse og høring ved arbeidet med offentlige utredninger, forskrifter, proposisjoner og meldinger til Stortinget",,URN:NBN:no-nb_digibok_2014102338008,oai:nb.bibsys.no:999515369314702202,9c1975a81b86a7a5501a4450a4b52093,,Oslo,19950101,1995,Administrasjonsdepartementet,nob,utredninger / forvaltningen / norge / regelverk / utredning,,,Faglitteratur,digibok
184,100239445,Metodestudie for molekylærgenetisk utredning av muggsopp relatert til innemiljø,"Johannessen , Lene N.",URN:NBN:no-nb_digibok_2014121008141,oai:nb.bibsys.no:999914943184702202,bb49ad5d1f822fc02bd26b4400f62663,8214015146,Trondheim,19990101,1999,"SINTEF Unimed, Ekstreme arbeidsmiljø",nob,inneklima / indoor / climate / fungi / molecular / genetics,,,Uklassifisert,digibok
185,100312736,Utbyttedeling : en utredning av spørsmålet om andel i bedriftenes overskudd for arbeidere og funksjonærer,"Aarum , Thorvald",URN:NBN:no-nb_digibok_2016101948067,oai:nb.bibsys.no:990304559524702202,621dea1162e3b6846dc4a0c16492a566,,Kristiania,19210101,1921,Steen,nob,,,,Uklassifisert,digibok
186,100307516,Dommerledet narkotikaprogram : rapport fra arbeidsgruppen for utredning av mulighetene for Drug Court i Norge,"Fjeld , Rune",URN:NBN:no-nb_digibok_2016081208138,oai:nb.bibsys.no:990509652554702202,c39c4fa07464feee3404413176982172,,Oslo,20040101,2004,Justis- og politidepartementet,mul / nob / eng,Street Drugs / Punishment / Norway / drug / court / dommerledet / narkotikaprogram / narkotika / straff / substance / abuce / narcotics / drugs,364.17,,Faglitteratur,digibok
187,100376461,Sammendrag av konsekvensutredning av videre drift av konsesjonsunderlagte anlegg ved Institutt for energiteknikk,,URN:NBN:no-nb_digibok_2018050448160,oai:nb.bibsys.no:999919852790402202,f89327360ececa55c65d9381d3528df8,,Kjeller,20040101,2004,IFE,nob,,,,Uklassifisert,digibok
188,100329134,"Innstilling fra Komiteen til utredning av fremtidig virksomhet ved Bygningsingeniøravdelingen, NTH",,URN:NBN:no-nb_digibok_2017032408016,oai:nb.bibsys.no:998311633724702202,e77c8345e2cbacce7905bea08d7506da,,Trondheim,19640101,1964,,nob,,607,,Faglitteratur,digibok
189,100504141,Utredning av konsekvenser for likestilling,,URN:NBN:no-nb_digibok_2009031804185,oai:nb.bibsys.no:999909086314702202,6e0fe23c84caf70aa32fe9050e2da158,,Oslo,19990101,1999,Barne- og familiedepartementet,nob,likestilling / menn / kvinner / rettigheter,,,Uklassifisert,digibok
190,100188972,Underlagsmateriale for utredning av marginalkostnadsprisning for tunge kjøretøy,"Rekdal , Jens / Larsen , Odd I.",URN:NBN:no-nb_digibok_2014011006007,oai:nb.bibsys.no:991122758184702202,eb70156b030dd41a119f1116e50147fa,,Molde,20100101,2010,Høgskolen i Molde,nob,,,,Uklassifisert,digibok
191,100535273,Nikkel og Olivin A/S : utredning av konsekvenser i forbindelse med nytt deponi på Fornes,"Iversen , Eigil Rune / Berge , John Arthur",URN:NBN:no-nb_digibok_2011033106118,oai:nb.bibsys.no:990121272214702202,e3a4f537569df28475b7528b4290d63b,8257740330,Oslo,20010101,2001,Norsk institutt for vannforskning,nob,,,,Uklassifisert,digibok
192,100036717,Nord-Norgebanen : planutredning : Melding : utkast til program for konsekvensutredning av miljø- og samfunnsmessige virkninger,,URN:NBN:no-nb_digibok_2011011808155,oai:nb.bibsys.no:999201787904702202,0cf1d680f556ef141df47c7ff8257b25,,,19910101,1991,Bruer IKB,nob,Jernbaner,,,Faglitteratur,digibok
193,100197573,Trygghet for mor og barn : innstilling fra Arbeiderpartiets komité til utredning av selvbestemt svangerskapsavbrytelse,,URN:NBN:no-nb_digibok_2014031208099,oai:nb.bibsys.no:999000699534702202,b23052f48e85505571c924f3057603c9,,[Oslo],19830101,1983,[DNA],nob,abort / svangerskap / etikk / barn / mødre,179,,Faglitteratur,digibok
194,100095599,"Utredning av atferdsvansker, omsorgssvikt og mishandling","Kvello , Øyvind",URN:NBN:no-nb_digibok_2012070605027,oai:nb.bibsys.no:990604710774702202,593ec8fddf318ebca6025dfd4cc3ea4b,,Oslo,20070101,2007,Universitetsforl.,nob,Child Abuse / Child Behavior Disorders / Child Welfare / Social Welfare / Substance-Related Disorders / Violence / Adolescent / Family / Diagnosis / barnevern / atferdsvanskar / omsorgssvikt / mishandling / barn / barneomsorg / rusmisbruk / rusmidler / foreldre / sosial / omsorg / psykiske / lidelser / seksuelle / overgrep / barnemishandling / forskning / utredningsmetoder / utredninger / metoder / utredningsmaler / tilknytningfamilie / aggresjon / adhd / asperger / syndrom,362.76 / 362.76 / 362.76,,Faglitteratur,digibok
195,100436956,Særskilt pantsettelse av immaterialrettigheter : en utredning av spørsmålet om det bør åpnes for særskilt pantsettelse av immaterielle rettigheter,"Lund , Astri M.",URN:NBN:no-nb_digibok_2021021705036,oai:nb.bibsys.no:991203246444702202,d6096e28ebfdb42479af49a44a2c2e7f,,Oslo,20120101,2012,Det kongelige justis- og beredskapsdepartement,nob,,,,Uklassifisert,digibok
196,100474468,Utredning av forsøksvirksomhet med rehabiliteringssentral i Nord-Trøndelag (Friskgården),"Fjermeros , Are / Rønning , Rolf",URN:NBN:no-nb_digibok_2010050606023,oai:nb.bibsys.no:999814668004702202,73dbc2b5c932dff95cedc64d4801e8e2,,Lillehammer,19980101,1998,Østlandsforskning,nob,klingen / stod / steinkjer,,,Uklassifisert,digibok
197,100363325,"Innstilling fra utvalget for teknisk/økonomisk utredning av avtaksmuligheter for råstoff til sildolje og sildemel : Bilag til ... : bilag nr 2, 3, 4, 5, 6 og 7",,URN:NBN:no-nb_digibok_2018020609553,oai:nb.bibsys.no:999826197584702202,9bec0f537a58bafe3c4b4403c4855ad4,,[S.l.],19690101,1969,[s.n.],nob,,,,Uklassifisert,digibok
198,100317188,Innstilling fra Utvalget for utredning av spørsmålet om Norges hjelp til utviklingslandene,,URN:NBN:no-nb_digibok_2016112908020,oai:nb.bibsys.no:990301235264702202,42194ef83f83d1e8bb3b9cf4e2672ad1,,Oslo,19610101,1961,,nob,,338.91,,Faglitteratur,digibok
199,100086102,Utredning av sentra og influensområder som grunnlag for regioninndeling,,URN:NBN:no-nb_digibok_2012070408180,oai:nb.bibsys.no:999410535804702202,b1f35c6ef970a1a7a92a2028a143de8f,,,19660101,1966,Andersson & Skjånes,nob,,309.2,,Faglitteratur,digibok
200,100542359,Skjenking av øl i Forsvarets mannskapskantiner : fra et utvalg oppnevnt ved Kgl. res. av 8. sept. 1972 : utredning avgitt 5. mars 1973,"Andreassen , Edgar",URN:NBN:no-nb_digibok_2011052706023,oai:nb.bibsys.no:999404382164702202,5981ea58f7b3e06d554bcc283e9548c6,8200700771,Oslo,19730101,1973,Universitetsforl.,nob,ãđl / militã¦rtjeneste,178,,Faglitteratur,digibok
201,100186643,Yrkessykdommer : Yrkessykdomsutvalgets utredning av hvilke sykdommer som bør kunne godkjennes som yrkessykdom : utredning fra et ekspertutvalg oppnevnt ved kongelig resolusjon 16. november 2007  : avgitt til Arbeids- og inkluderingsdepartementet 24. juni 2008,"Kjuus , Helge",URN:NBN:no-nb_digibok_2014010906084,oai:nb.bibsys.no:990810879774702202,d267bcab1995b558551271af8db72397,,Oslo,20080101,2008,"Departementenes servicesenter, Informasjonsforvaltning",nob,Offentlige publikasjoner / Lover og regler / Arbeid / Posttraumatisk stressyndrom / Yrkessykdommer / x / Arbeidsmedisin / Erfaringskompetanse / arbeidsmedisin / yrkesskader / yrkessykdommer / yrkessjukdommaryrkesskadar,616.9803,,Faglitteratur,digibok
202,100161190,Notater om forskning og forskningspolitikk : en utredning av en del prinsipielle spørsmål i forbindelse med Hovedkomiteens analyse av forskningsbehov,"Hermansen , Tormod",URN:NBN:no-nb_digibok_2013073105043,oai:nb.bibsys.no:998230979784702202,2d5a5f378f3337dfe12a64a6306ad6e1,8272210010,[Oslo],19760101,1976,Hovedkomiteen for norsk forskning,nob,,001.4,,Faglitteratur,digibok
203,100096513,"Utredning av grunnvannskilde for produksjon av mineralvann, Vormstad, Orkdal kommune","Hilmo , Bernt Olav / Wolden , Odd",URN:NBN:no-nb_digibok_2012080209076,oai:nb.bibsys.no:999916117054702202,6f4a672ed04e5a172fb06d1a341d41b5,,Trondheim,19990101,1999,Norges geologiske undersøkelse,nob,,,,Uklassifisert,digibok
204,100300798,"Foreløbig indberetning fra den av Departementet for handel, sjøfart og industri under 24de mai 1907 nedsatte komite til utredning av spørsmaalet om elektrometallurgisk fremstilling av jern og staal med specielt sigte paa norske forhold",,URN:NBN:no-nb_digibok_2016070508036,oai:nb.bibsys.no:990411747634702202,f1c4243ae64514673e5471f116432f53,,Kristiania,19090101,1909,,nob,,,,Uklassifisert,digibok
205,100475029,Sentre for fremragende forskning : utredning av en norsk ordning,,URN:NBN:no-nb_digibok_2008110304007,oai:nb.bibsys.no:990012999994702202,6772d4ae70df4c43afbfedb431eb58ac,8212014789,,20000101,2000,"Norges forskningsråd, Strategi",nob,Forskning / Research / Research policies / Norway / forskning / sentre / oversikt,,,Uklassifisert,digibok
206,100388892,Utredning av omstilling i Halden med og uten videreføring av IFEs øvrige forskningsaktiviteter etter dekommisjonering av Haldenreaktoren,"Bremnes , Helge / Hervik , Arild / Heen , Knut P.",URN:NBN:no-nb_digibok_2018090607092,oai:nb.bibsys.no:991404796354702202,0268ce3c5211448ea1156f627a8d5ecd,,Molde,20130101,2013,Møreforsking Molde,nob,kjernekraft / nukleær / kraft / energi / atomenergi / økonomi / kjernereaktorer / atomreaktorer / ife / institutt / energiteknikk / nedleggelse / avvikling / virsomhet / mto-aktivitet / menneske-teknologi-organisasjon / mennesker / teknologi / organisasjoner / mto / næringsliv / forskning / ikt / samfunnsøkonomi,,,Uklassifisert,digibok
207,100246210,Innstilling fra komiteen til utredning av en ny studieretning i industriell økonomi ved Norges tekniske høgskole : innstilling februar 1984,,URN:NBN:no-nb_digibok_2015042108186,oai:nb.bibsys.no:998610522344702202,76d1f1f7714d20eb5f6e9d98fc3ffde9,,,19840101,1984,Norges tekniske høgskole,nob,Økonomiutdanning,,,Faglitteratur,digibok
208,100215198,Komiteen til utredning av spørsmålet om eventuell opprettelse av et universitet i Bergen : 1938-1939,,URN:NBN:no-nb_digibok_2014072208102,oai:nb.bibsys.no:998610679084702202,e3da3b6913cc606e63adcc1a974deca6,,,19400101,1940,[s.n.],mul / nob / nno,Universiteter / universiteter / norge / historie,,,Uklassifisert,digibok
209,100291065,Markedsordningen for korn : utredning av partssammensatt arbeidsgruppe : instillingen avgitt 17. april 1998,,URN:NBN:no-nb_digibok_2016041808098,oai:nb.bibsys.no:990310337094702202,08f0cf1c343b991c6a739fadec6a6a5c,,[Oslo],19980101,1998,[Arbeidsgruppen],nob,,,,Faglitteratur,digibok
210,100109104,Innstilling fra utvalget til utredning av lærerutdanning i samfunnsfag ved Det samfunnsvitenskapelige fakultet ved Universitetet i Oslo,,URN:NBN:no-nb_digibok_2012090708074,oai:nb.bibsys.no:999400118244702202,fbc56144699786c439209223dffab1d2,,[Oslo],19780101,1978,[Det samfunnsvitenskapelige fakultet],nob,,,,Uklassifisert,digibok
211,100301873,Hvorfor - fordi : utredning av forskjellige skattespørsmaal,"Hornsrud , Christopher",URN:NBN:no-nb_digibok_2016071206052,oai:nb.bibsys.no:990008718934702202,3eb85d3386282851a03b3285f2588cc7,,Kristiania,19240101,1924,Det Norske arbeiderpartis forlag,nob,,,,Uklassifisert,digibok
212,100261826,Den språklige faktor : pedagogisk-psykologisk utredning av barn med minoritetsspråklig bakgrunn,"Aagaard , Knut Erik",URN:NBN:no-nb_digibok_2015072108127,oai:nb.bibsys.no:991128670654702202,cc6326e98127a45359bdeb746d1b7f8c,,[Oslo],20110101,2011,"Psykologisk institutt, Det samfunnsvitenskapelige fakultet, Universitetet i Oslo",nob,Education diagnosis / Learning disabilities / Minority groups / Native language / psykologi / pedagogisk-psykologiske / tjenester / ppt / utredningminoritetsspråklige / elever / språk,371.71,,Faglitteratur,digibok
213,100192348,Innstilling fra Utvalget for utredning av spørsmålet om Norges hjelp til utviklingslandene,,URN:NBN:no-nb_digibok_2014021805038,oai:nb.bibsys.no:990703967444702202,ea94ba46951f6faad34d9700fc8dc93e,,Oslo,19610101,1961,Utenriksdepartementet,nob,,,,Uklassifisert,digibok
214,100368406,Trygg sjømat - risikofaktorer i verdikjeden fra fjord til bord for villfanget og oppdrettet sjømat : en utredning av kunnskapsbehovet,,URN:NBN:no-nb_digibok_2018040648075,oai:nb.bibsys.no:990810777694702202,e9b43e7422fba1535abb048a7f5e0413,,Oslo,20080101,2008,Norges forskningsråd,nob,Seafood / sjømat / risikofaktorer / fisk / oppdrett / havbruk,,,Uklassifisert,digibok
215,100036542,La hundre blomster blomstre? : en utredning av spørsmålet om et kompetansesenter for pasienter med nevromuskulære sykdommer,"Melsom , Patricia Ann / Grue , Lars",URN:NBN:no-nb_digibok_2011011708035,oai:nb.bibsys.no:999100883304702202,5269f7212b454d2e73d334280a68cd64,,Oslo,19910101,1991,Institutt for sosialforskning,nob,Neuromuscular diseases / pedagogikk / muskelsyke / nevromuskulære / sykdommer / nevrologi / kompetansesenter / muskelsykdommer / kompetansesentre,,,Uklassifisert,digibok
216,100286224,"Østnorsk helsenett : utredning av permanent organisasjon, selskapsform og forretningsplan","Hofstad , Tormod",URN:NBN:no-nb_digibok_2016030308142,oai:nb.bibsys.no:990227256104702202,f25846acf7bc6ee3f5e17666f0bec212,8278461163,Trondheim,20010101,2001,Kompetansesenter for IT i helsevesenet,nob,,,,Uklassifisert,digibok
217,100210530,Innstilling fra utvalget til utredning av fiskernes pensjons- og trygdeforhold,,URN:NBN:no-nb_digibok_2014061206172,oai:nb.bibsys.no:999826161394702202,fdb2849850090e46025afd6054061cc2,,[S.l.],19620101,1962,[s.n.],nob,,,,Uklassifisert,digibok
218,100337025,"Garantier för konsumentvaror och efterköpsservice : ett nordiskt perspektiv på EU-kommissionens ""green paper"" : utredning av Lena Olsen och ställingstaganden av @AK-Konsument juridiska styrgrupp","Olsen , Lena",URN:NBN:no-nb_digibok_2009090100027,oai:nb.bibsys.no:999505340484702202,8e8d809836c405e8c7f80082e7cee9c5,9291205869,Köbenhavn,19940101,1994,Nordiska ministerrådet,swe,Forbrukerrådgivning / juss/økonomi / forbrukervern / eu / norden,,,Faglitteratur,digibok
219,100086994,Mål og retningslinjer for reformer i lokalforvaltningen : delutredning av 23. september 1974 fra Hovedkomitéen for reformer i lokalforvaltningen,"Juel , Dagfin",URN:NBN:no-nb_digibok_2012061906136,oai:nb.bibsys.no:999107540124702202,2deaa4433c3eab41367eee95c8e465db,8200701778,Oslo,19740101,1974,Kommunaldepartementet,nob,fylkesforvaltning / kommuneforvaltning,352,,Faglitteratur,digibok
220,100134713,Utredning av rekruttering til psykologiske basaldisipliner : forslag til satsingsprogram,"Magnussen , Svein",URN:NBN:no-nb_digibok_2013020609022,oai:nb.bibsys.no:999605383134702202,0f87ab65d1cd2125fc0589e317bdefc6,8212006530,Oslo,19960101,1996,"Norges forskningsråd, Medisin og helse",nob,"forskningspolitikk / forskning / undervisning / psykologi / medisin, / samfunnsvitenskapene, / psykologi, / rekruttering, / utredninger, / nfr, / mh",,,Uklassifisert,digibok
221,100043959,Utredning av muligheter for norske leveranser til vindkraftindustrien,"Tande , John Olav Giæver",URN:NBN:no-nb_digibok_2011030206024,oai:nb.bibsys.no:990006693264702202,6894d8f3a78d52ea5a5af90ccc88127a,8259417847,Trondheim,20000101,2000,SINTEF energiforskning,nob,vindkraft / industri / verdiskaping,,,Uklassifisert,digibok
222,100401415,Mer veg for pengene : en utredning av alternative organisasjonsmodeller for statlig vegproduksjon,"Ibenholt , Tone",URN:NBN:no-nb_digibok_2009101304127,oai:nb.bibsys.no:990109051624702202,143419d3ea55fc472e9f0153a50a3ba3,,Oslo,20010101,2001,Statskonsult,nob,konkuranseutsetting,,,Uklassifisert,digibok
223,100085343,"Reduksjon i utslippene av HFK, PFK og SF₆ : utredning av avgift som virkemiddel = Reduction of HFC, PFC and SF₆ emissions : evaluation of tax as an instrument","Weidemann , Fredrik",URN:NBN:no-nb_digibok_2012062608027,oai:nb.bibsys.no:990106859364702202,2b28d6c89bc8deb9be971cbbf0128c69,8276553958,Oslo,20010101,2001,Statens forurensningstilsyn,nob,Environmental Pollution / prevention & control,,,Uklassifisert,digibok
224,100351173,Innstilling fra utvalget til utredning av evalueringsspörsmål i 9-årig skole : (utvalget oppnevnt av Forsöksrådet for skoleverket 19. november 1960),"Gjessing , Hans-Jørgen",URN:NBN:no-nb_digibok_2017101308031,oai:nb.bibsys.no:990215859034702202,a2ffca456e9014da6dafa98c23112c62,,Oslo,19610101,1961,Skrivemaskinstua,nob,,372.9,,Faglitteratur,digibok
225,100561816,Retten til et liv uten vold : menns vold mot kvinner i nære relasjoner : utredning avgitt fra et utvalg oppnevnt ved kongelig resolusjon 29. august 2001 : avgitt til Justis- og politidepartementet 4. desember 2003,"Kapoor , Nita",URN:NBN:no-nb_digibok_2009073101043,oai:nb.bibsys.no:990321432814702202,fdc85f9b0860c733720af2f847f672e8,8258307460,,20030101,2003,"Statens forvaltningstjeneste, Informasjonsforvaltning",nob,Domestic Violence / Violence / Women / Violence against women / Violence against women / Domestic violence / kvinnemishandling / kvinner / barn / voldsutøvelse / krisesentre / barnevern / familievern / handlingsplaner / vold / mishandling / menn / parforhold / familier / familievold / incest / voldsutã¸velse,362.8292,,Faglitteratur,digibok
226,100259077,Rotenonbehandling av Steinkjervassdragene : en hydrologisk utredning av elver og munningsområde,"Bakkeli , Gisle",URN:NBN:no-nb_digibok_2015070808027,oai:nb.bibsys.no:990000777804702202,c4bca693e10da7351ead093064a1abf9,8278820015,Trondheim,19990101,1999,VESO Trondheim,nob,Rotenon / Vassdrag / Miljøvern,,,Uklassifisert,digibok
227,100211249,Utredning av konsekvenser av skipstrafikk i området Lofoten - Barentshavet,,URN:NBN:no-nb_digibok_2014063008021,oai:nb.bibsys.no:990416602184702202,db73f3a66c8ce02416433aab7b8b2b37,,Ålesund,20040101,2004,Kystdirektoratet,nob,,,,Uklassifisert,digibok
228,100244171,Organisert snøforsking i Norge : utredning avgitt september 1967 av,"Skaven-Haug , Sv. / Kolderup , Niels-Henr.",URN:NBN:no-nb_digibok_2015031708118,oai:nb.bibsys.no:991013671554702202,c2efe164d4fee4a5dc12ecdfd08587ea,,Oslo,19670101,1967,[s. n.],nob,,,,Uklassifisert,digibok
229,100355765,Fiskehandel og propaganda : instilling fra en av Fiskeridirektoratet i november 1932 opnevnt komite til utredning av spørsmålet om propaganda for økning av det innenlandske fiskeforbruk,"Heitmann , C.",URN:NBN:no-nb_digibok_2017110948151,oai:nb.bibsys.no:999704967104702202,d3dce448495abf2400a578c0d03a12a9,,Bergen,19330101,1933,Direktoratet,nob,fiskeforbruk / fiskepriser / markedsføring / reklame / innenlandsmarkedet / fiskeprodukter,,,Uklassifisert,digibok
230,100058037,Utredning av spørsmaalet om et mulig samarbeide mellem landsmaal og riksmaal i retskrivningen,"Eitrem , H. (Hans) / Larsen , Amund B. (Amund Bredesen) / Schjøtt , Steinar",URN:NBN:no-nb_digibok_2011092106149,oai:nb.bibsys.no:997820238784702202,95479076f158de05e1596e58a54c8444,,Kristiania,19090101,1909,A. W. Brøgger,nob,norsk / språk / rettskrivning / rettskriving / målsak,,,Uklassifisert,digibok
231,100542394,Gjennomføring av lovkonvensjoner i norsk rett : fra et utvalg til å utrede spørsmålene ved transformasjon av internasjonale lovkonvensjoner til norsk rett (Transformasjonskomitéen). Utvalget oppnevnt ved kgl.res. 14. november 1969. Utredning avgitt 20. mars 1972,"Rognlien , Stein",URN:NBN:no-nb_digibok_2011053005028,oai:nb.bibsys.no:999404402884702202,4b14752adc3a9077af2dc6b5a44855c2,8200700178,,19720101,1972,Universitetsforl.,nob,International law / National law,341,,Faglitteratur,digibok
232,100118415,Tilskudd til ikke-kommunale barnehager i 2012 : utredning av nasjonale satser,"Lunder , Trond Erik",URN:NBN:no-nb_digibok_2012110208067,oai:nb.bibsys.no:991202856144702202,3f20d29f2c8711e8d498c7028673f466,,Bø i Telemark,20110101,2011,Telemarksforsking,nob,barnehager / kapitaltilskudd / kostnader / barnehagedrift,,,Uklassifisert,digibok
233,100251119,Utbyttedeling : en utredning av spørsmålet om andel i bedriftenes overskudd for arbeidere og funksjonærer,"Aarum , Thorvald",URN:NBN:no-nb_digibok_2015060108052,oai:nb.bibsys.no:999112633304702202,972c004b7761f11742e51a6ac9bea09e,,Kristiania,19210101,1921,Steenske forl.,nob,,,,Uklassifisert,digibok
234,100099410,"Utredning av regionsenter for barne- og ungdomspsykiatri i Helseregion IV, sluttført 10. april 1992",,URN:NBN:no-nb_digibok_2012080608147,oai:nb.bibsys.no:999315785314702202,b174d803cf303335b425f2d627cff0e2,,Trondheim,19920101,1992,Fylkeskommunen,nob,Research / methods / Child Psychiatry / Adolescent Psychiatry / Social Sciences / methods / barnepsykiatri / ungdomspsykiatri / psykiatriske / sykehus,,,Uklassifisert,digibok
235,100104120,"Innstilling fra Komiteen til utredning av fremtidig virksomhet ved Arkitektavdelingen, NTH",,URN:NBN:no-nb_digibok_2012082408003,oai:nb.bibsys.no:998311633054702202,70c000ad6c8f1ee17e7225207a6a7f92,,Trondheim,19640101,1964,,nob,,607,,Faglitteratur,digibok
236,100113235,"Innstilling fra Komitéen for utredning av tiltak med sikte på å lette arbeidsmulighetene for studenter, ansatte og besøkende med fysiske funks jonsvansker",,URN:NBN:no-nb_digibok_2012100208113,oai:nb.bibsys.no:990307882184702202,212b841a676bef52288cb5868cccdada,,Oslo,19750101,1975,,nob,,,,Uklassifisert,digibok
237,100381070,Skredet ved Nord-Statland : utredning av teknisk årsakssammenheng,"Strand , Stein-Are / Lyche , Einar / Moholdt , Ragnar",URN:NBN:no-nb_digibok_2018101805025,oai:nb.bibsys.no:991502924144702202,95e2741e40902b7268324b2a101e2447,,Oslo,20140101,2014,Norges vassdrags- og energidirektorat,nob,,,,Uklassifisert,digibok
238,100074228,Støtte til politiske organisasjoner eller formål : delutredning av 15. nov. 1973,"Juel , Dagfin",URN:NBN:no-nb_digibok_2012060805066,oai:nb.bibsys.no:999404033404702202,5903556ab2499e0e286599a027f37486,8200701115,Oslo,19730101,1973,Universitetsforl.,nob,,352,,Faglitteratur,digibok
239,100168852,"Fallselva - friluftsliv : utredning av friluftsinteresser i forbindelse med planlagt tilleggsregulering av Trevatna og utbygging av Fallselva kraftverk, Oppland fylke","Melby , Morten W.",URN:NBN:no-nb_digibok_2013082708196,oai:nb.bibsys.no:998920688254702202,6103ff4c7c71a4d6de7d91c188314b31,8272164930,Oslo,19880101,1988,,nob,søndre / land / vassdragsregulering / konsekvensanalyse / friluftsliv,,,Faglitteratur,digibok
240,100566525,De psykiatriske ungdomsteamene : utredning av nåværende og framtidig funksjon og organisering,"Skarstein , Siv",URN:NBN:no-nb_digibok_2010010604121,oai:nb.bibsys.no:990101905114702202,b0e9a64331c790ee8d15256037fda4de,,Oslo,20000101,2000,Statens helsetilsyn,nob,"Preventive Psychiatry / Rehabilitation / Mental Health Services / Psychiatry / Social Work, Psychiatric / Adolescent Psychiatry / Substance-Related Disorders / therapy / Outpatient Clinics, Hospital / Norway / Substance-Related Disorders / Adolescent / Organization and Administration / Diagnosis, Dual (Psychiatry) / Substance-Related Disorders / prevention & control / ungdom / psykiatri / psykiatriske / ungdomsteam / institusjoner / helsevern / ungdomer",362.29,,Uklassifisert,digibok
241,100333477,Utkast til fremtidig organisering av den sivile rettspleie på grunnplanet : en enmannsutredning avgitt til Justisdepartementet 18 februar 1997,"Reinskou , Knut Helge",URN:NBN:no-nb_digibok_2017051648174,oai:nb.bibsys.no:999707498644702202,5e397d7a04f04a317dd7315fac309230,,[Oslo],19970101,1997,[Justisdepartementet],nob,rettspleieorganer / organisering / sivilprosess / utredninger / norge,,,Uklassifisert,digibok
242,100167834,"Nye Svean kraftverk i Nidelva, Sør-Trøndelag : utredning av konsekvenser for naturmiljø og biologisk mangfold","Davidsen , Jan G. / Arnekleiv , Jo Vegar",URN:NBN:no-nb_digibok_2013081508023,oai:nb.bibsys.no:991307024474702202,f53cd7a3d22b570f12cf7386906e2f9d,,Trondheim,20120101,2012,"Norges teknisk-naturvitenskapelige universitet, Vitenskapsmuseet",nob,,,,Uklassifisert,digibok
243,100224262,En utredning av forholdene innen fetsildbransjen,"Høivik , Erling",URN:NBN:no-nb_digibok_2014091609060,oai:nb.bibsys.no:999826079114702202,bfb25cf8f901edeed8b62283df5e92db,,[S.l.],19400101,1940,[s.n.],nob,,,,Uklassifisert,digibok
244,100451879,E18 mellom Ekebergtunnelen og Oslotunnelen : utredning av kulturminner og kulturmiljø : konsekvensutredning,"Skar , Birgitte / Tønnessen , Tor Linge / Molaug , Petter B.",URN:NBN:no-nb_digibok_2008080504029,oai:nb.bibsys.no:999620358904702202,06ee9f747d7168b92622dcc46f288f1c,8242607222,Oslo,19960101,1996,Norsk institutt for kulturminneforskning,nob,veier / veiutbygging / konsekvensutredninger / Oslotunnelen / E18 / norge / Ekebergtunnelen / Oslo / kulturminner / veibygging / konsekvensanalyse,,,Faglitteratur,digibok
245,100250775,Oslofjorden og dens forurensningsproblemer. 2 : Utredning av tekniske løsninger : hovedutredning,"Knudsen , Carl-Henrik / Simensen , Terje",URN:NBN:no-nb_digibok_2015052708076,oai:nb.bibsys.no:998321413304702202,4551bcdbf30920513ca97dbaff7b37df,,,19700101,1970,Norsk institutt for vannforskning,nob,Forurensning / Forurensning / oslofjorden / forurensning,614.7,,Faglitteratur,digibok
246,100073136,Kontakt og samarbeid mellom de nordiske folk : en foreløpig oversikt over foreliggende materiale fra representative intervjuundersøkelser og en utredning av muligheter for videre forskning,"Jacobsen , Knut Dahl / Rokkan , Stein / Vetti , Normann",URN:NBN:no-nb_digibok_2012012508073,oai:nb.bibsys.no:998903891284702202,616824efea582c812f3b3a8e658e23f5,,,19560101,1956,Stiftelsen Polhøgda og Institutt for samfunnsforskning,nob,,948,,Faglitteratur,digibok
247,100353526,Hvad vi vil : en utredning av Nasjonal samlings program. 1 : Staten og samfundet,"Hjort , J.B.",URN:NBN:no-nb_digibok_2017102348003,oai:nb.bibsys.no:999711256864702202,82f26d12205a1a64502782e93f4aa32a,,Oslo,19340101,1934,,nob,,,,Uklassifisert,digibok
248,100339007,Psykologiske metoder i utredning av aldersdemens,"Egeland , Jens",URN:NBN:no-nb_digibok_2017070509553,oai:nb.bibsys.no:999416686734702202,42f7b3b28ef5668bd90d888d9d30cebe,,Sem,19920101,1992,Info-banken,nob,Psychology / methods / Dementia / diagnosis / aldersdemens / alderdomssløvsinn / senilitet / psykodiagnostikksenil / demens / psykologi / aldersdemens-psykologiske / metoder / klinisk / eldre / geriatri / forskning,,fiction,Skjønnlitteratur,digibok
249,100337886,"Opdragelse og vernekraft : en praktisk pædagogisk utredning avgit til den av Forsvarsdepartementet nedsatte kommission, bestaaende av d'herrer: advokat P.A. Holm, major R.S. Melhuus, og statsraad O.M. Mjelde. 1","Reymert , Martin L.",URN:NBN:no-nb_digibok_2017062107028,oai:nb.bibsys.no:999713165114702202,04f765a28f190554c02be6a2c0014cfb,,Kristiania,19210101,1921,With,nob,,,,Uklassifisert,digibok
